{"__symbolic":"module","version":4,"metadata":{"CovalentJsonFormatterModule":{"__symbolic":"class","decorators":[{"__symbolic":"call","expression":{"__symbolic":"reference","module":"@angular/core","name":"NgModule","line":8,"character":1},"arguments":[{"imports":[{"__symbolic":"reference","module":"@angular/common","name":"CommonModule","line":10,"character":4},{"__symbolic":"reference","module":"@angular/material/tooltip","name":"MatTooltipModule","line":11,"character":4},{"__symbolic":"reference","module":"@angular/material/icon","name":"MatIconModule","line":12,"character":4}],"declarations":[{"__symbolic":"reference","name":"TdJsonFormatterComponent"}],"exports":[{"__symbolic":"reference","name":"TdJsonFormatterComponent"}]}]}],"members":{}},"TdJsonFormatterComponent":{"__symbolic":"class","decorators":[{"__symbolic":"call","expression":{"__symbolic":"reference","module":"@angular/core","name":"Component","line":4,"character":1},"arguments":[{"changeDetection":{"__symbolic":"select","expression":{"__symbolic":"reference","module":"@angular/core","name":"ChangeDetectionStrategy","line":5,"character":19},"member":"OnPush"},"selector":"td-json-formatter","styles":[":host{\n  display:block; }\n\n.td-json-formatter-wrapper{\n  padding-top:2px;\n  padding-bottom:2px; }\n  .td-json-formatter-wrapper .td-key{\n    -webkit-box-sizing:border-box;\n            box-sizing:border-box;\n    display:-webkit-box;\n    display:-ms-flexbox;\n    display:flex;\n    -webkit-box-orient:horizontal;\n    -webkit-box-direction:normal;\n        -ms-flex-direction:row;\n            flex-direction:row;\n    -webkit-box-align:center;\n        -ms-flex-align:center;\n            align-items:center;\n    -ms-flex-line-pack:center;\n        align-content:center;\n    max-width:100%;\n    -webkit-box-pack:start;\n        -ms-flex-pack:start;\n            justify-content:start; }\n    .td-json-formatter-wrapper .td-key.td-key-node:hover{\n      cursor:pointer; }\n  .td-json-formatter-wrapper .td-object-children.ng-animating{\n    overflow:hidden; }\n  .td-json-formatter-wrapper .td-object-children .td-key,\n  .td-json-formatter-wrapper .td-object-children .td-object-children{\n    padding-left:24px; }\n    ::ng-deep [dir='rtl'] .td-json-formatter-wrapper .td-object-children .td-key, ::ng-deep [dir='rtl']\n    .td-json-formatter-wrapper .td-object-children .td-object-children{\n      padding-right:24px;\n      padding-left:0; }\n    .td-json-formatter-wrapper .td-object-children .td-key.td-key-leaf,\n    .td-json-formatter-wrapper .td-object-children .td-object-children.td-key-leaf{\n      padding-left:48px; }\n      ::ng-deep [dir='rtl'] .td-json-formatter-wrapper .td-object-children .td-key.td-key-leaf, ::ng-deep [dir='rtl']\n      .td-json-formatter-wrapper .td-object-children .td-object-children.td-key-leaf{\n        padding-right:48px;\n        padding-left:0; }\n  .td-json-formatter-wrapper .value{\n    margin-left:5px; }\n    ::ng-deep [dir='rtl'] .td-json-formatter-wrapper .value{\n      padding-right:5px;\n      padding-left:0; }\n    .td-json-formatter-wrapper .value .td-empty{\n      opacity:0.5;\n      text-decoration:line-through; }\n    .td-json-formatter-wrapper .value .string{\n      word-break:break-word; }\n    .td-json-formatter-wrapper .value .date{\n      word-break:break-word; }\n"],"template":"<div class=\"td-json-formatter-wrapper\">\n  <a class=\"td-key\"\n     [class.td-key-node]=\"hasChildren()\"\n     [class.td-key-leaf]=\"!hasChildren()\"\n     [tabIndex]=\"isObject()? 0 : -1\"\n     (keydown.enter)=\"toggle()\"\n     (click)=\"toggle()\">\n    <mat-icon class=\"td-node-icon\" *ngIf=\"hasChildren()\">{{open? 'keyboard_arrow_down' : (isRTL ? 'keyboard_arrow_left' : 'keyboard_arrow_right')}}</mat-icon>\n    <span *ngIf=\"key\" class=\"key\">{{key}}:</span>\n    <span class=\"value\">\n      <span [class.td-empty]=\"!hasChildren()\" *ngIf=\"isObject()\" [matTooltip]=\"getPreview()\" matTooltipPosition=\"after\">\n        <span class=\"td-object-name\">{{getObjectName()}}</span>\n        <span class=\"td-array-length\" *ngIf=\"isArray()\">[{{data.length}}]</span>\n      </span>\n      <span *ngIf=\"!isObject()\" [class]=\"getType(data)\">{{getValue(data)}}</span>\n    </span>\n  </a>\n  <div class=\"td-object-children\" [@tdCollapse]=\"!(hasChildren() && open)\">\n    <ng-template let-key ngFor [ngForOf]=\"children\">\n      <td-json-formatter [key]=\"key\" [data]=\"data[key]\" [levelsOpen]=\"levelsOpen - 1\"></td-json-formatter>\n    </ng-template>\n  </div>\n</div>","animations":[{"__symbolic":"call","expression":{"__symbolic":"reference","module":"@covalent/core/common","name":"TdCollapseAnimation","line":87,"character":4}}]}]}],"members":{"levelsOpen":[{"__symbolic":"property","decorators":[{"__symbolic":"call","expression":{"__symbolic":"reference","module":"@angular/core","name":"Input","line":117,"character":3},"arguments":["levelsOpen"]}]}],"key":[{"__symbolic":"property","decorators":[{"__symbolic":"call","expression":{"__symbolic":"reference","module":"@angular/core","name":"Input","line":137,"character":3},"arguments":["key"]}]}],"data":[{"__symbolic":"property","decorators":[{"__symbolic":"call","expression":{"__symbolic":"reference","module":"@angular/core","name":"Input","line":150,"character":3},"arguments":["data"]}]}],"__ctor__":[{"__symbolic":"constructor","parameterDecorators":[null,[{"__symbolic":"call","expression":{"__symbolic":"reference","module":"@angular/core","name":"Optional","line":171,"character":15}}]],"parameters":[{"__symbolic":"reference","module":"@angular/core","name":"ChangeDetectorRef","line":170,"character":42},{"__symbolic":"reference","module":"@angular/cdk/bidi","name":"Dir","line":171,"character":40}]}],"refresh":[{"__symbolic":"method"}],"toggle":[{"__symbolic":"method"}],"isObject":[{"__symbolic":"method"}],"isArray":[{"__symbolic":"method"}],"hasChildren":[{"__symbolic":"method"}],"getValue":[{"__symbolic":"method"}],"getType":[{"__symbolic":"method"}],"getObjectName":[{"__symbolic":"method"}],"getPreview":[{"__symbolic":"method"}],"parseChildren":[{"__symbolic":"method"}]},"statics":{"KEY_MAX_LENGTH":30,"PREVIEW_STRING_MAX_LENGTH":80,"PREVIEW_LIMIT":5}}},"origins":{"CovalentJsonFormatterModule":"./json-formatter.module","TdJsonFormatterComponent":"./json-formatter.component"},"importAs":"@covalent/core/json-formatter"}