{"__symbolic":"module","version":4,"metadata":{"CovalentStepsModule":{"__symbolic":"class","decorators":[{"__symbolic":"call","expression":{"__symbolic":"reference","module":"@angular/core","name":"NgModule","line":29,"character":1},"arguments":[{"imports":[{"__symbolic":"reference","module":"@angular/common","name":"CommonModule","line":31,"character":4},{"__symbolic":"reference","module":"@angular/material/icon","name":"MatIconModule","line":32,"character":4},{"__symbolic":"reference","module":"@angular/material/core","name":"MatRippleModule","line":33,"character":4},{"__symbolic":"reference","module":"@angular/cdk/portal","name":"PortalModule","line":34,"character":4},{"__symbolic":"reference","module":"@angular/cdk/scrolling","name":"ScrollDispatchModule","line":35,"character":4},{"__symbolic":"reference","module":"@covalent/core/common","name":"CovalentCommonModule","line":36,"character":4}],"declarations":[[{"__symbolic":"reference","name":"TdStepsComponent"},{"__symbolic":"reference","name":"TdStepComponent"},{"__symbolic":"reference","name":"TdStepHeaderComponent"},{"__symbolic":"reference","name":"TdStepBodyComponent"},{"__symbolic":"reference","name":"TdStepLabelDirective"},{"__symbolic":"reference","name":"TdStepActionsDirective"},{"__symbolic":"reference","name":"TdStepSummaryDirective"}]],"exports":[[{"__symbolic":"reference","name":"TdStepsComponent"},{"__symbolic":"reference","name":"TdStepComponent"},{"__symbolic":"reference","name":"TdStepHeaderComponent"},{"__symbolic":"reference","name":"TdStepBodyComponent"},{"__symbolic":"reference","name":"TdStepLabelDirective"},{"__symbolic":"reference","name":"TdStepActionsDirective"},{"__symbolic":"reference","name":"TdStepSummaryDirective"}]]}]}],"members":{}},"StepState":{"None":"none","Required":"required","Complete":"complete"},"TdStepLabelDirective":{"__symbolic":"class","extends":{"__symbolic":"reference","module":"@angular/cdk/portal","name":"TemplatePortalDirective","line":17,"character":42},"decorators":[{"__symbolic":"call","expression":{"__symbolic":"reference","module":"@angular/core","name":"Directive","line":14,"character":1},"arguments":[{"selector":"[td-step-label]ng-template"}]}],"members":{"__ctor__":[{"__symbolic":"constructor","parameters":[{"__symbolic":"reference","name":"TemplateRef","module":"@angular/core","arguments":[{"__symbolic":"reference","name":"any"}]},{"__symbolic":"reference","module":"@angular/core","name":"ViewContainerRef","line":18,"character":63}]}]}},"TdStepActionsDirective":{"__symbolic":"class","extends":{"__symbolic":"reference","module":"@angular/cdk/portal","name":"TemplatePortalDirective","line":26,"character":44},"decorators":[{"__symbolic":"call","expression":{"__symbolic":"reference","module":"@angular/core","name":"Directive","line":23,"character":1},"arguments":[{"selector":"[td-step-actions]ng-template"}]}],"members":{"__ctor__":[{"__symbolic":"constructor","parameters":[{"__symbolic":"reference","name":"TemplateRef","module":"@angular/core","arguments":[{"__symbolic":"reference","name":"any"}]},{"__symbolic":"reference","module":"@angular/core","name":"ViewContainerRef","line":18,"character":63}]}]}},"TdStepSummaryDirective":{"__symbolic":"class","extends":{"__symbolic":"reference","module":"@angular/cdk/portal","name":"TemplatePortalDirective","line":35,"character":44},"decorators":[{"__symbolic":"call","expression":{"__symbolic":"reference","module":"@angular/core","name":"Directive","line":32,"character":1},"arguments":[{"selector":"[td-step-summary]ng-template"}]}],"members":{"__ctor__":[{"__symbolic":"constructor","parameters":[{"__symbolic":"reference","name":"TemplateRef","module":"@angular/core","arguments":[{"__symbolic":"reference","name":"any"}]},{"__symbolic":"reference","module":"@angular/core","name":"ViewContainerRef","line":18,"character":63}]}]}},"TdStepBase":{"__symbolic":"class","members":{}},"_TdStepMixinBase":{"__symbolic":"call","expression":{"__symbolic":"reference","module":"@covalent/core/common","name":"mixinDisableRipple","line":44,"character":32},"arguments":[{"__symbolic":"call","expression":{"__symbolic":"reference","module":"@covalent/core/common","name":"mixinDisabled","line":44,"character":51},"arguments":[{"__symbolic":"reference","name":"TdStepBase"}]}]},"TdStepComponent":{"__symbolic":"class","extends":{"__symbolic":"reference","name":"_TdStepMixinBase"},"decorators":[{"__symbolic":"call","expression":{"__symbolic":"reference","module":"@angular/core","name":"Component","line":46,"character":1},"arguments":[{"selector":"td-step","inputs":["disabled","disableRipple"],"template":"<ng-template>\n  <ng-content></ng-content>\n</ng-template>"}]}],"members":{"_content":[{"__symbolic":"property","decorators":[{"__symbolic":"call","expression":{"__symbolic":"reference","module":"@angular/core","name":"ViewChild","line":63,"character":3},"arguments":[{"__symbolic":"reference","name":"TemplateRef","module":"@angular/core","arguments":[{"__symbolic":"reference","name":"any"}]}]}]}],"stepLabel":[{"__symbolic":"property","decorators":[{"__symbolic":"call","expression":{"__symbolic":"reference","module":"@angular/core","name":"ContentChild","line":64,"character":3},"arguments":[{"__symbolic":"reference","name":"TdStepLabelDirective"}]}]}],"stepActions":[{"__symbolic":"property","decorators":[{"__symbolic":"call","expression":{"__symbolic":"reference","module":"@angular/core","name":"ContentChild","line":65,"character":3},"arguments":[{"__symbolic":"reference","name":"TdStepActionsDirective"}]}]}],"stepSummary":[{"__symbolic":"property","decorators":[{"__symbolic":"call","expression":{"__symbolic":"reference","module":"@angular/core","name":"ContentChild","line":66,"character":3},"arguments":[{"__symbolic":"reference","name":"TdStepSummaryDirective"}]}]}],"label":[{"__symbolic":"property","decorators":[{"__symbolic":"call","expression":{"__symbolic":"reference","module":"@angular/core","name":"Input","line":73,"character":3},"arguments":["label"]}]}],"sublabel":[{"__symbolic":"property","decorators":[{"__symbolic":"call","expression":{"__symbolic":"reference","module":"@angular/core","name":"Input","line":79,"character":3},"arguments":["sublabel"]}]}],"active":[{"__symbolic":"property","decorators":[{"__symbolic":"call","expression":{"__symbolic":"reference","module":"@angular/core","name":"Input","line":85,"character":3},"arguments":["active"]}]}],"state":[{"__symbolic":"property","decorators":[{"__symbolic":"call","expression":{"__symbolic":"reference","module":"@angular/core","name":"Input","line":98,"character":3},"arguments":["state"]}]}],"onActivated":[{"__symbolic":"property","decorators":[{"__symbolic":"call","expression":{"__symbolic":"reference","module":"@angular/core","name":"Output","line":120,"character":3},"arguments":["activated"]}]}],"onDeactivated":[{"__symbolic":"property","decorators":[{"__symbolic":"call","expression":{"__symbolic":"reference","module":"@angular/core","name":"Output","line":126,"character":3},"arguments":["deactivated"]}]}],"__ctor__":[{"__symbolic":"constructor","parameters":[{"__symbolic":"reference","module":"@angular/core","name":"ViewContainerRef","line":18,"character":63}]}],"ngOnInit":[{"__symbolic":"method"}],"toggle":[{"__symbolic":"method"}],"open":[{"__symbolic":"method"}],"close":[{"__symbolic":"method"}],"isComplete":[{"__symbolic":"method"}],"onDisabledChange":[{"__symbolic":"method"}],"_setActive":[{"__symbolic":"method"}],"_onActivated":[{"__symbolic":"method"}],"_onDeactivated":[{"__symbolic":"method"}]}},"IStepChangeEvent":{"__symbolic":"interface"},"StepMode":{"Vertical":"vertical","Horizontal":"horizontal"},"TdStepsComponent":{"__symbolic":"class","decorators":[{"__symbolic":"call","expression":{"__symbolic":"reference","module":"@angular/core","name":"Component","line":17,"character":1},"arguments":[{"selector":"td-steps","styles":[".td-line-wrapper,\n.td-step{\n  position:relative; }\n\n.td-steps-header{\n  -webkit-box-sizing:border-box;\n          box-sizing:border-box;\n  display:-webkit-box;\n  display:-ms-flexbox;\n  display:flex;\n  -webkit-box-orient:horizontal;\n  -webkit-box-direction:normal;\n      -ms-flex-direction:row;\n          flex-direction:row; }\n\n.td-line-wrapper{\n  width:24px;\n  min-height:1px; }\n\n.td-horizontal-line{\n  border-bottom-width:1px;\n  border-bottom-style:solid;\n  height:1px;\n  position:relative;\n  top:36px;\n  min-width:15px;\n  -webkit-box-flex:1;\n      -ms-flex:1;\n          flex:1;\n  -webkit-box-sizing:border-box;\n          box-sizing:border-box; }\n  ::ng-deep :not([dir='rtl']) .td-horizontal-line{\n    left:-6px;\n    right:-3px; }\n  ::ng-deep [dir='rtl'] .td-horizontal-line{\n    left:-3px;\n    right:-6px; }\n\n.td-vertical-line{\n  position:absolute;\n  bottom:-16px;\n  top:-16px;\n  border-left-width:1px;\n  border-left-style:solid; }\n  ::ng-deep :not([dir='rtl']) .td-vertical-line{\n    left:20px;\n    right:auto; }\n  ::ng-deep [dir='rtl'] .td-vertical-line{\n    left:auto;\n    right:20px; }\n"],"template":"<div *ngIf=\"isHorizontal()\" class=\"td-steps-header\">\n  <ng-template let-step let-index=\"index\" let-last=\"last\" ngFor [ngForOf]=\"steps\">\n    <td-step-header class=\"td-step-horizontal-header\"\n                    (keydown.enter)=\"step.open()\"\n                    [number]=\"index + 1\"\n                    [active]=\"step.active\"\n                    [disableRipple]=\"step.disableRipple\"\n                    [disabled]=\"step.disabled\" \n                    [state]=\"step.state\"\n                    (click)=\"step.open()\">\n      <ng-template td-step-header-label [cdkPortalHost]=\"step.stepLabel\"></ng-template>\n      <ng-template td-step-header-label [ngIf]=\"!step.stepLabel\">{{step.label}}</ng-template>\n      <ng-template td-step-header-sublabel [ngIf]=\"true\">{{step.sublabel | truncate:30}}</ng-template>\n    </td-step-header>\n    <span *ngIf=\"!last\" class=\"td-horizontal-line\"></span>\n  </ng-template>\n</div>\n<div *ngFor=\"let step of steps; let index = index; let last = last\" class=\"td-step\">\n  <td-step-header class=\"td-step-vertical-header\"\n                  (keydown.enter)=\"step.toggle()\"\n                  [number]=\"index + 1\"\n                  [active]=\"step.active\" \n                  [disabled]=\"step.disabled\"\n                  [disableRipple]=\"step.disableRipple\"\n                  [state]=\"step.state\"\n                  (click)=\"step.toggle()\"\n                  *ngIf=\"isVertical()\">\n    <ng-template td-step-header-label [cdkPortalHost]=\"step.stepLabel\"></ng-template>\n    <ng-template td-step-header-label [ngIf]=\"!step.stepLabel\">{{step.label}}</ng-template>\n    <ng-template td-step-header-sublabel [ngIf]=\"true\">{{step.sublabel}}</ng-template>\n  </td-step-header>\n  <ng-template [ngIf]=\"isVertical() || step.active || (!areStepsActive() && prevStep === step)\">\n    <td-step-body [active]=\"step.active\" [state]=\"step.state\">\n      <div *ngIf=\"isVertical()\" class=\"td-line-wrapper\">\n        <div *ngIf=\"!last\" class=\"td-vertical-line\"></div>\n      </div>\n      <ng-template td-step-body-content [cdkPortalHost]=\"step.stepContent\"></ng-template>\n      <ng-template td-step-body-actions [cdkPortalHost]=\"step.stepActions\"></ng-template>\n      <ng-template td-step-body-summary [cdkPortalHost]=\"step.stepSummary\"></ng-template>\n    </td-step-body>\n  </ng-template>\n</div>\n"}]}],"members":{"stepsContent":[{"__symbolic":"property","decorators":[{"__symbolic":"call","expression":{"__symbolic":"reference","module":"@angular/core","name":"ContentChildren","line":120,"character":3},"arguments":[{"__symbolic":"reference","name":"TdStepComponent"}]}]}],"mode":[{"__symbolic":"property","decorators":[{"__symbolic":"call","expression":{"__symbolic":"reference","module":"@angular/core","name":"Input","line":137,"character":3},"arguments":["mode"]}]}],"onStepChange":[{"__symbolic":"property","decorators":[{"__symbolic":"call","expression":{"__symbolic":"reference","module":"@angular/core","name":"Output","line":156,"character":3},"arguments":["stepChange"]}]}],"ngAfterContentInit":[{"__symbolic":"method"}],"ngOnDestroy":[{"__symbolic":"method"}],"isHorizontal":[{"__symbolic":"method"}],"isVertical":[{"__symbolic":"method"}],"areStepsActive":[{"__symbolic":"method"}],"_onStepSelection":[{"__symbolic":"method"}],"_deactivateAllBut":[{"__symbolic":"method"}],"_registerSteps":[{"__symbolic":"method"}],"_deregisterSteps":[{"__symbolic":"method"}]}},"TdStepBodyComponent":{"__symbolic":"class","decorators":[{"__symbolic":"call","expression":{"__symbolic":"reference","module":"@angular/core","name":"Component","line":6,"character":1},"arguments":[{"selector":"td-step-body","styles":[":host{\n  -webkit-box-sizing:border-box;\n          box-sizing:border-box;\n  display:-webkit-box;\n  display:-ms-flexbox;\n  display:flex;\n  -webkit-box-orient:horizontal;\n  -webkit-box-direction:normal;\n      -ms-flex-direction:row;\n          flex-direction:row; }\n  :host .td-step-body{\n    overflow-x:hidden;\n    -webkit-box-flex:1;\n        -ms-flex:1;\n            flex:1;\n    -webkit-box-sizing:border-box;\n            box-sizing:border-box; }\n    :host .td-step-body .td-step-summary.ng-animating,\n    :host .td-step-body .td-step-content-wrapper.ng-animating{\n      overflow:hidden; }\n    :host .td-step-body .td-step-content{\n      overflow-x:auto; }\n    :host .td-step-body .td-step-actions{\n      -webkit-box-sizing:border-box;\n              box-sizing:border-box;\n      display:-webkit-box;\n      display:-ms-flexbox;\n      display:flex;\n      -webkit-box-orient:horizontal;\n      -webkit-box-direction:normal;\n          -ms-flex-direction:row;\n              flex-direction:row; }\n"],"template":"<ng-content></ng-content>\n<div class=\"td-step-body\">\n  <div class=\"td-step-content-wrapper\"\n       [@tdCollapse]=\"!active\">\n    <div #contentRef cdkScrollable [class.td-step-content]=\"hasContent\">\n      <ng-content select=\"[td-step-body-content]\"></ng-content>\n    </div>\n    <div #actionsRef\n         [class.td-step-actions]=\"hasActions\">\n      <ng-content select=\"[td-step-body-actions]\"></ng-content>\n    </div>\n  </div>\n  <div #summaryRef\n       [@tdCollapse]=\"active || !isComplete()\"\n       [class.td-step-summary]=\"hasSummary\">\n    <ng-content select=\"[td-step-body-summary]\"></ng-content>\n  </div>\n</div>","animations":[{"__symbolic":"call","expression":{"__symbolic":"reference","module":"@covalent/core/common","name":"TdCollapseAnimation","line":60,"character":4}}]}]}],"members":{"contentRef":[{"__symbolic":"property","decorators":[{"__symbolic":"call","expression":{"__symbolic":"reference","module":"@angular/core","name":"ViewChild","line":65,"character":3},"arguments":["contentRef",{"read":{"__symbolic":"reference","module":"@angular/core","name":"ElementRef","line":65,"character":35}}]}]}],"actionsRef":[{"__symbolic":"property","decorators":[{"__symbolic":"call","expression":{"__symbolic":"reference","module":"@angular/core","name":"ViewChild","line":72,"character":3},"arguments":["actionsRef",{"read":{"__symbolic":"reference","module":"@angular/core","name":"ElementRef","line":72,"character":35}}]}]}],"summaryRef":[{"__symbolic":"property","decorators":[{"__symbolic":"call","expression":{"__symbolic":"reference","module":"@angular/core","name":"ViewChild","line":79,"character":3},"arguments":["summaryRef",{"read":{"__symbolic":"reference","module":"@angular/core","name":"ElementRef","line":79,"character":35}}]}]}],"active":[{"__symbolic":"property","decorators":[{"__symbolic":"call","expression":{"__symbolic":"reference","module":"@angular/core","name":"Input","line":90,"character":3},"arguments":["active"]}]}],"state":[{"__symbolic":"property","decorators":[{"__symbolic":"call","expression":{"__symbolic":"reference","module":"@angular/core","name":"Input","line":97,"character":3},"arguments":["state"]}]}],"isComplete":[{"__symbolic":"method"}]}},"TdStepHeaderBase":{"__symbolic":"class","members":{}},"_TdStepHeaderMixinBase":{"__symbolic":"call","expression":{"__symbolic":"reference","module":"@covalent/core/common","name":"mixinDisableRipple","line":9,"character":38},"arguments":[{"__symbolic":"call","expression":{"__symbolic":"reference","module":"@covalent/core/common","name":"mixinDisabled","line":9,"character":57},"arguments":[{"__symbolic":"reference","name":"TdStepHeaderBase"}]}]},"TdStepHeaderComponent":{"__symbolic":"class","extends":{"__symbolic":"reference","name":"_TdStepHeaderMixinBase"},"decorators":[{"__symbolic":"call","expression":{"__symbolic":"reference","module":"@angular/core","name":"Component","line":11,"character":1},"arguments":[{"selector":"td-step-header","inputs":["disabled","disableRipple"],"styles":[".td-step-header{\n  position:relative;\n  outline:none;\n  height:72px;\n  -webkit-box-orient:horizontal;\n  -webkit-box-direction:normal;\n      -ms-flex-direction:row;\n          flex-direction:row;\n  -webkit-box-sizing:border-box;\n          box-sizing:border-box;\n  display:-webkit-box;\n  display:-ms-flexbox;\n  display:flex;\n  -webkit-box-flex:1;\n      -ms-flex:1;\n          flex:1;\n  -webkit-box-pack:start;\n      -ms-flex-pack:start;\n          justify-content:start;\n  -webkit-box-align:center;\n      -ms-flex-align:center;\n          align-items:center;\n  -ms-flex-line-pack:center;\n      align-content:center;\n  max-width:100%; }\n  .td-step-header:hover:not(.mat-disabled){\n    cursor:pointer; }\n  .td-step-header mat-icon.td-edit-icon{\n    margin:0 8px; }\n  .td-step-header mat-icon.mat-warn{\n    font-size:24px;\n    height:24px;\n    width:24px; }\n  .td-step-header mat-icon.mat-complete{\n    position:relative;\n    left:-2px;\n    top:2px;\n    font-size:28px;\n    height:24px;\n    width:24px; }\n  .td-step-header .td-circle{\n    height:24px;\n    width:24px;\n    line-height:24px;\n    border-radius:99%;\n    text-align:center;\n    -webkit-box-flex:0;\n        -ms-flex:none;\n            flex:none; }\n    .td-step-header .td-circle mat-icon{\n      margin-top:2px;\n      font-weight:bold; }\n  .td-step-header .td-triangle > mat-icon{\n    font-size:25px; }\n  .td-step-header .td-complete{\n    font-size:0; }\n  ::ng-deep :not([dir='rtl']) .td-step-header .td-circle, ::ng-deep :not([dir='rtl'])\n  .td-step-header .td-triangle, ::ng-deep :not([dir='rtl'])\n  .td-step-header .td-complete{\n    margin-left:8px;\n    margin-right:0; }\n  ::ng-deep [dir='rtl'] .td-step-header .td-circle, ::ng-deep [dir='rtl']\n  .td-step-header .td-triangle, ::ng-deep [dir='rtl']\n  .td-step-header .td-complete{\n    margin-left:0;\n    margin-right:8px; }\n  .td-step-header .td-circle,\n  .td-step-header .td-complete{\n    font-size:14px; }\n  .td-step-header .td-step-label-wrapper{\n    padding-left:8px;\n    padding-right:8px; }\n  .td-step-header .td-step-header-separator{\n    -webkit-box-flex:1;\n        -ms-flex:1;\n            flex:1;\n    -webkit-box-sizing:border-box;\n            box-sizing:border-box; }\n"],"template":"<div class=\"td-step-header\"\n      [class.mat-disabled]=\"disabled\"\n      matRipple\n      [matRippleDisabled]=\"disabled || disableRipple\"\n      [tabIndex]=\"disabled ? -1 : 0\">\n  <div class=\"td-circle\"\n      [class.mat-inactive]=\"(!active && !isComplete()) || disabled\"\n      [class.mat-active]=\"active && !disabled\"\n      *ngIf=\"!isRequired() && !isComplete()\">\n    <span *ngIf=\"(active || !isComplete())\">{{number || ''}}</span>\n  </div>\n  <div class=\"td-complete\" *ngIf=\"isComplete()\">\n    <mat-icon class=\"mat-complete\">check_circle</mat-icon>\n  </div>\n  <div class=\"td-triangle\"\n      [class.bg-muted]=\"disabled\"\n      *ngIf=\"isRequired()\">\n    <mat-icon class=\"mat-warn\">warning</mat-icon>\n  </div>\n  <div class=\"td-step-label-wrapper\"\n        [class.mat-inactive]=\"(!active && !isComplete()) || disabled\"\n        [class.mat-warn]=\"isRequired() && !disabled\">\n    <div class=\"td-step-label\">\n      <ng-content select=\"[td-step-header-label]\"></ng-content>\n    </div>\n    <div class=\"td-step-sublabel\">\n      <ng-content select=\"[td-step-header-sublabel]\"></ng-content>\n    </div>\n  </div>\n  <span class=\"td-step-header-separator\"></span>\n  <mat-icon class=\"td-edit-icon\" *ngIf=\"isComplete() && !active && !disabled\">mode_edit</mat-icon>\n</div>"}]}],"members":{"number":[{"__symbolic":"property","decorators":[{"__symbolic":"call","expression":{"__symbolic":"reference","module":"@angular/core","name":"Input","line":131,"character":3},"arguments":["number"]}]}],"active":[{"__symbolic":"property","decorators":[{"__symbolic":"call","expression":{"__symbolic":"reference","module":"@angular/core","name":"Input","line":137,"character":3},"arguments":["active"]}]}],"state":[{"__symbolic":"property","decorators":[{"__symbolic":"call","expression":{"__symbolic":"reference","module":"@angular/core","name":"Input","line":144,"character":3},"arguments":["state"]}]}],"isComplete":[{"__symbolic":"method"}],"isRequired":[{"__symbolic":"method"}]}}},"origins":{"CovalentStepsModule":"./steps.module","StepState":"./step.component","TdStepLabelDirective":"./step.component","TdStepActionsDirective":"./step.component","TdStepSummaryDirective":"./step.component","TdStepBase":"./step.component","_TdStepMixinBase":"./step.component","TdStepComponent":"./step.component","IStepChangeEvent":"./steps.component","StepMode":"./steps.component","TdStepsComponent":"./steps.component","TdStepBodyComponent":"./step-body/step-body.component","TdStepHeaderBase":"./step-header/step-header.component","_TdStepHeaderMixinBase":"./step-header/step-header.component","TdStepHeaderComponent":"./step-header/step-header.component"},"importAs":"@covalent/core/steps"}