{"__symbolic":"module","version":4,"metadata":{"CovalentExpansionPanelModule":{"__symbolic":"class","decorators":[{"__symbolic":"call","expression":{"__symbolic":"reference","module":"@angular/core","name":"NgModule","line":21,"character":1},"arguments":[{"imports":[{"__symbolic":"reference","module":"@angular/common","name":"CommonModule","line":23,"character":4},{"__symbolic":"reference","module":"@angular/material/core","name":"MatRippleModule","line":24,"character":4},{"__symbolic":"reference","module":"@angular/material/icon","name":"MatIconModule","line":25,"character":4},{"__symbolic":"reference","module":"@angular/cdk/portal","name":"PortalModule","line":26,"character":4}],"declarations":[[{"__symbolic":"reference","name":"TdExpansionPanelGroupComponent"},{"__symbolic":"reference","name":"TdExpansionPanelComponent"},{"__symbolic":"reference","name":"TdExpansionPanelHeaderDirective"},{"__symbolic":"reference","name":"TdExpansionPanelLabelDirective"},{"__symbolic":"reference","name":"TdExpansionPanelSublabelDirective"},{"__symbolic":"reference","name":"TdExpansionPanelSummaryComponent"}]],"exports":[[{"__symbolic":"reference","name":"TdExpansionPanelGroupComponent"},{"__symbolic":"reference","name":"TdExpansionPanelComponent"},{"__symbolic":"reference","name":"TdExpansionPanelHeaderDirective"},{"__symbolic":"reference","name":"TdExpansionPanelLabelDirective"},{"__symbolic":"reference","name":"TdExpansionPanelSublabelDirective"},{"__symbolic":"reference","name":"TdExpansionPanelSummaryComponent"}]]}]}],"members":{}},"TdExpansionPanelHeaderDirective":{"__symbolic":"class","extends":{"__symbolic":"reference","module":"@angular/cdk/portal","name":"TemplatePortalDirective","line":18,"character":53},"decorators":[{"__symbolic":"call","expression":{"__symbolic":"reference","module":"@angular/core","name":"Directive","line":15,"character":1},"arguments":[{"selector":"[td-expansion-panel-header]ng-template"}]}],"members":{"__ctor__":[{"__symbolic":"constructor","parameters":[{"__symbolic":"reference","name":"TemplateRef","module":"@angular/core","arguments":[{"__symbolic":"reference","name":"any"}]},{"__symbolic":"reference","module":"@angular/core","name":"ViewContainerRef","line":19,"character":63}]}]}},"TdExpansionPanelLabelDirective":{"__symbolic":"class","extends":{"__symbolic":"reference","module":"@angular/cdk/portal","name":"TemplatePortalDirective","line":27,"character":52},"decorators":[{"__symbolic":"call","expression":{"__symbolic":"reference","module":"@angular/core","name":"Directive","line":24,"character":1},"arguments":[{"selector":"[td-expansion-panel-label]ng-template"}]}],"members":{"__ctor__":[{"__symbolic":"constructor","parameters":[{"__symbolic":"reference","name":"TemplateRef","module":"@angular/core","arguments":[{"__symbolic":"reference","name":"any"}]},{"__symbolic":"reference","module":"@angular/core","name":"ViewContainerRef","line":19,"character":63}]}]}},"TdExpansionPanelSublabelDirective":{"__symbolic":"class","extends":{"__symbolic":"reference","module":"@angular/cdk/portal","name":"TemplatePortalDirective","line":36,"character":55},"decorators":[{"__symbolic":"call","expression":{"__symbolic":"reference","module":"@angular/core","name":"Directive","line":33,"character":1},"arguments":[{"selector":"[td-expansion-panel-sublabel]ng-template"}]}],"members":{"__ctor__":[{"__symbolic":"constructor","parameters":[{"__symbolic":"reference","name":"TemplateRef","module":"@angular/core","arguments":[{"__symbolic":"reference","name":"any"}]},{"__symbolic":"reference","module":"@angular/core","name":"ViewContainerRef","line":19,"character":63}]}]}},"TdExpansionPanelSummaryComponent":{"__symbolic":"class","decorators":[{"__symbolic":"call","expression":{"__symbolic":"reference","module":"@angular/core","name":"Component","line":42,"character":1},"arguments":[{"selector":"td-expansion-summary","template":"<ng-content></ng-content>"}]}],"members":{}},"TdExpansionPanelBase":{"__symbolic":"class","members":{}},"_TdExpansionPanelMixinBase":{"__symbolic":"call","expression":{"__symbolic":"reference","module":"@covalent/core/common","name":"mixinDisableRipple","line":51,"character":42},"arguments":[{"__symbolic":"call","expression":{"__symbolic":"reference","module":"@covalent/core/common","name":"mixinDisabled","line":51,"character":61},"arguments":[{"__symbolic":"reference","name":"TdExpansionPanelBase"}]}]},"TdExpansionPanelComponent":{"__symbolic":"class","extends":{"__symbolic":"reference","name":"_TdExpansionPanelMixinBase"},"decorators":[{"__symbolic":"call","expression":{"__symbolic":"reference","module":"@angular/core","name":"Component","line":53,"character":1},"arguments":[{"selector":"td-expansion-panel","styles":[":host{\n  display:block; }\n  :host .td-expansion-panel-header{\n    position:relative;\n    outline:none; }\n    :host .td-expansion-panel-header:focus:not(.mat-disabled), :host .td-expansion-panel-header:hover:not(.mat-disabled){\n      cursor:pointer; }\n    :host .td-expansion-panel-header .td-expansion-panel-header-content{\n      height:48px;\n      padding:0 24px;\n      -webkit-box-sizing:border-box;\n              box-sizing:border-box;\n      display:-webkit-box;\n      display:-ms-flexbox;\n      display:flex;\n      -webkit-box-orient:horizontal;\n      -webkit-box-direction:normal;\n          -ms-flex-direction:row;\n              flex-direction:row;\n      -webkit-box-flex:1;\n          -ms-flex:1;\n              flex:1;\n      -webkit-box-pack:start;\n          -ms-flex-pack:start;\n              justify-content:start;\n      -webkit-box-align:center;\n          -ms-flex-align:center;\n              align-items:center;\n      -ms-flex-line-pack:center;\n          align-content:center;\n      max-width:100%; }\n      :host .td-expansion-panel-header .td-expansion-panel-header-content .td-expansion-label,\n      :host .td-expansion-panel-header .td-expansion-panel-header-content .td-expansion-sublabel{\n        -webkit-box-flex:1;\n            -ms-flex:1;\n                flex:1; }\n  :host .td-expansion-content.ng-animating,\n  :host .td-expansion-summary.ng-animating{\n    overflow:hidden; }\n\n.td-expansion-label,\n.td-expansion-sublabel{\n  white-space:nowrap;\n  overflow:hidden;\n  text-overflow:ellipsis;\n  margin-right:16px; }\n  ::ng-deep [dir='rtl'] .td-expansion-label, ::ng-deep [dir='rtl']\n  .td-expansion-sublabel{\n    margin-left:16px;\n    margin-right:inherit; }\n"],"template":"<div class=\"td-expansion-panel-header\"\n      [class.mat-disabled]=\"disabled\"\n      matRipple\n      [matRippleDisabled]=\"disabled || disableRipple\"\n      [tabIndex]=\"disabled? -1 : 0\"\n      (keydown.enter)=\"clickEvent()\"\n      (click)=\"clickEvent()\">\n  <ng-template [cdkPortalHost]=\"expansionPanelHeader\"></ng-template>\n  <div class=\"td-expansion-panel-header-content\"\n        [class.mat-disabled]=\"disabled\"\n        *ngIf=\"!expansionPanelHeader\">\n    <div *ngIf=\"label || expansionPanelLabel\" class=\"td-expansion-label\">\n      <ng-template [cdkPortalHost]=\"expansionPanelLabel\"></ng-template>\n      <ng-template [ngIf]=\"!expansionPanelLabel\">{{label}}</ng-template>\n    </div>\n    <div *ngIf=\"sublabel || expansionPanelSublabel\" class=\"td-expansion-sublabel\">\n      <ng-template [cdkPortalHost]=\"expansionPanelSublabel\"></ng-template>\n      <ng-template [ngIf]=\"!expansionPanelSublabel\">{{sublabel}}</ng-template>\n    </div>\n    <mat-icon class=\"td-expand-icon\" *ngIf=\"!disabled\" [@tdRotate]=\"expand\">keyboard_arrow_down</mat-icon>\n  </div>\n</div>\n<div class=\"td-expansion-content\"\n      [@tdCollapse]=\"!expand\">\n  <ng-content></ng-content>\n</div>\n<div class=\"td-expansion-summary\"\n      [@tdCollapse]=\"expand\">\n  <ng-content select=\"td-expansion-summary\"></ng-content>\n</div>\n","inputs":["disabled","disableRipple"],"animations":[{"__symbolic":"call","expression":{"__symbolic":"reference","module":"@covalent/core/common","name":"TdCollapseAnimation","line":139,"character":4}},{"__symbolic":"call","expression":{"__symbolic":"reference","module":"@covalent/core/common","name":"TdRotateAnimation","line":140,"character":4},"arguments":[{"anchor":"tdRotate"}]}]}]}],"members":{"expansionPanelHeader":[{"__symbolic":"property","decorators":[{"__symbolic":"call","expression":{"__symbolic":"reference","module":"@angular/core","name":"ContentChild","line":147,"character":3},"arguments":[{"__symbolic":"reference","name":"TdExpansionPanelHeaderDirective"}]}]}],"expansionPanelLabel":[{"__symbolic":"property","decorators":[{"__symbolic":"call","expression":{"__symbolic":"reference","module":"@angular/core","name":"ContentChild","line":148,"character":3},"arguments":[{"__symbolic":"reference","name":"TdExpansionPanelLabelDirective"}]}]}],"expansionPanelSublabel":[{"__symbolic":"property","decorators":[{"__symbolic":"call","expression":{"__symbolic":"reference","module":"@angular/core","name":"ContentChild","line":149,"character":3},"arguments":[{"__symbolic":"reference","name":"TdExpansionPanelSublabelDirective"}]}]}],"label":[{"__symbolic":"property","decorators":[{"__symbolic":"call","expression":{"__symbolic":"reference","module":"@angular/core","name":"Input","line":156,"character":3}}]}],"sublabel":[{"__symbolic":"property","decorators":[{"__symbolic":"call","expression":{"__symbolic":"reference","module":"@angular/core","name":"Input","line":162,"character":3}}]}],"expand":[{"__symbolic":"property","decorators":[{"__symbolic":"call","expression":{"__symbolic":"reference","module":"@angular/core","name":"Input","line":168,"character":3},"arguments":["expand"]}]}],"expanded":[{"__symbolic":"property","decorators":[{"__symbolic":"call","expression":{"__symbolic":"reference","module":"@angular/core","name":"Output","line":180,"character":3}}]}],"collapsed":[{"__symbolic":"property","decorators":[{"__symbolic":"call","expression":{"__symbolic":"reference","module":"@angular/core","name":"Output","line":186,"character":3}}]}],"__ctor__":[{"__symbolic":"constructor","parameters":[{"__symbolic":"reference","module":"@angular/core","name":"Renderer2","line":188,"character":33},{"__symbolic":"reference","module":"@angular/core","name":"ElementRef","line":189,"character":35}]}],"clickEvent":[{"__symbolic":"method"}],"toggle":[{"__symbolic":"method"}],"open":[{"__symbolic":"method"}],"close":[{"__symbolic":"method"}],"onDisabledChange":[{"__symbolic":"method"}],"_setExpand":[{"__symbolic":"method"}],"_onExpanded":[{"__symbolic":"method"}],"_onCollapsed":[{"__symbolic":"method"}]}},"TdExpansionPanelGroupComponent":{"__symbolic":"class","decorators":[{"__symbolic":"call","expression":{"__symbolic":"reference","module":"@angular/core","name":"Component","line":2,"character":1},"arguments":[{"selector":"td-expansion-panel-group","styles":[""],"template":"<ng-content></ng-content>"}]}],"members":{"__ctor__":[{"__symbolic":"constructor","parameters":[{"__symbolic":"reference","module":"@angular/core","name":"Renderer2","line":9,"character":33},{"__symbolic":"reference","module":"@angular/core","name":"ElementRef","line":10,"character":35}]}]}}},"origins":{"CovalentExpansionPanelModule":"./expansion-panel.module","TdExpansionPanelHeaderDirective":"./expansion-panel.component","TdExpansionPanelLabelDirective":"./expansion-panel.component","TdExpansionPanelSublabelDirective":"./expansion-panel.component","TdExpansionPanelSummaryComponent":"./expansion-panel.component","TdExpansionPanelBase":"./expansion-panel.component","_TdExpansionPanelMixinBase":"./expansion-panel.component","TdExpansionPanelComponent":"./expansion-panel.component","TdExpansionPanelGroupComponent":"./expansion-panel-group.component"},"importAs":"@covalent/core/expansion-panel"}