{"__symbolic":"module","version":4,"metadata":{"CovalentVirtualScrollModule":{"__symbolic":"class","decorators":[{"__symbolic":"call","expression":{"__symbolic":"reference","module":"@angular/core","name":"NgModule","line":11,"character":1},"arguments":[{"imports":[{"__symbolic":"reference","module":"@angular/common","name":"CommonModule","line":13,"character":4}],"declarations":[[{"__symbolic":"reference","name":"TdVirtualScrollRowDirective"},{"__symbolic":"reference","name":"TdVirtualScrollContainerComponent"}]],"exports":[[{"__symbolic":"reference","name":"TdVirtualScrollRowDirective"},{"__symbolic":"reference","name":"TdVirtualScrollContainerComponent"}]]}]}],"members":{}},"TdVirtualScrollContainerComponent":{"__symbolic":"class","decorators":[{"__symbolic":"call","expression":{"__symbolic":"reference","module":"@angular/core","name":"Component","line":11,"character":1},"arguments":[{"selector":"td-virtual-scroll-container","styles":[":host{\n  display:block;\n  height:100%;\n  width:100%;\n  overflow:auto;\n  position:relative; }\n"],"template":"<div [style.height.px]=\"totalHeight\"></div>\n<div [style.transform]=\"offsetTransform\"\n      [style.position]=\"'absolute'\"\n      [style.width.%]=\"100\">\n  <ng-template let-row\n                let-index=\"index\"\n                ngFor\n                [ngForOf]=\"virtualData\"\n                [ngForTrackBy]=\"trackBy\">\n    <div #rowElement\n         [style.width.%]=\"100\">\n      <ng-template *ngIf=\"_rowTemplate\"\n                  [ngTemplateOutlet]=\"_rowTemplate.templateRef\"\n                  [ngTemplateOutletContext]=\"{row: row,\n                                      index: (fromRow + index),\n                                      first: (fromRow + index) === 0,\n                                      last: (fromRow + index) === (data.length - 1),\n                                      odd: ((fromRow + index + 1) % 2) === 1,\n                                      even: ((fromRow + index + 1) % 2) === 0}\">\n      </ng-template>\n    </div>\n  </ng-template>\n</div>","changeDetection":{"__symbolic":"select","expression":{"__symbolic":"reference","module":"@angular/core","name":"ChangeDetectionStrategy","line":43,"character":19},"member":"OnPush"}}]}],"members":{"data":[{"__symbolic":"property","decorators":[{"__symbolic":"call","expression":{"__symbolic":"reference","module":"@angular/core","name":"Input","line":65,"character":3},"arguments":["data"]}]}],"_rows":[{"__symbolic":"property","decorators":[{"__symbolic":"call","expression":{"__symbolic":"reference","module":"@angular/core","name":"ViewChildren","line":81,"character":3},"arguments":["rowElement"]}]}],"_rowTemplate":[{"__symbolic":"property","decorators":[{"__symbolic":"call","expression":{"__symbolic":"reference","module":"@angular/core","name":"ContentChild","line":83,"character":3},"arguments":[{"__symbolic":"reference","name":"TdVirtualScrollRowDirective"}]}]}],"__ctor__":[{"__symbolic":"constructor","parameters":[{"__symbolic":"reference","module":"@angular/core","name":"ElementRef","line":108,"character":35},{"__symbolic":"reference","module":"@angular/platform-browser","name":"DomSanitizer","line":109,"character":37},{"__symbolic":"reference","module":"@angular/core","name":"Renderer2","line":110,"character":33},{"__symbolic":"reference","module":"@angular/core","name":"ChangeDetectorRef","line":111,"character":42}]}],"ngAfterViewInit":[{"__symbolic":"method"}],"ngAfterViewChecked":[{"__symbolic":"method"}],"ngOnDestroy":[{"__symbolic":"method"}],"trackBy":[{"__symbolic":"property","decorators":[{"__symbolic":"call","expression":{"__symbolic":"reference","module":"@angular/core","name":"Input","line":142,"character":3},"arguments":["trackBy"]}]}],"handleScroll":[{"__symbolic":"method","decorators":[{"__symbolic":"call","expression":{"__symbolic":"reference","module":"@angular/core","name":"HostListener","line":146,"character":3},"arguments":["scroll",["$event"]]}]}],"refresh":[{"__symbolic":"method"}],"scrollTo":[{"__symbolic":"method"}],"scrollToStart":[{"__symbolic":"method"}],"scrollToEnd":[{"__symbolic":"method"}],"_calculateVirtualRows":[{"__symbolic":"method"}]}},"TdVirtualScrollRowDirective":{"__symbolic":"class","extends":{"__symbolic":"reference","module":"@angular/cdk/portal","name":"TemplatePortalDirective","line":4,"character":49},"decorators":[{"__symbolic":"call","expression":{"__symbolic":"reference","module":"@angular/core","name":"Directive","line":3,"character":1},"arguments":[{"selector":"[tdVirtualScrollRow]"}]}],"members":{"__ctor__":[{"__symbolic":"constructor","parameters":[{"__symbolic":"reference","name":"TemplateRef","module":"@angular/core","arguments":[{"__symbolic":"reference","name":"any"}]},{"__symbolic":"reference","module":"@angular/core","name":"ViewContainerRef","line":7,"character":32}]}]}}},"origins":{"CovalentVirtualScrollModule":"./virtual-scroll.module","TdVirtualScrollContainerComponent":"./virtual-scroll-container.component","TdVirtualScrollRowDirective":"./virtual-scroll-row.directive"},"importAs":"@covalent/core/virtual-scroll"}