{"__symbolic":"module","version":4,"metadata":{"CovalentFileModule":{"__symbolic":"class","decorators":[{"__symbolic":"call","expression":{"__symbolic":"reference","module":"@angular/core","name":"NgModule","line":24,"character":1},"arguments":[{"imports":[{"__symbolic":"reference","module":"@angular/forms","name":"FormsModule","line":26,"character":4},{"__symbolic":"reference","module":"@angular/common","name":"CommonModule","line":27,"character":4},{"__symbolic":"reference","module":"@angular/material/icon","name":"MatIconModule","line":28,"character":4},{"__symbolic":"reference","module":"@angular/material/button","name":"MatButtonModule","line":29,"character":4},{"__symbolic":"reference","module":"@angular/cdk/portal","name":"PortalModule","line":30,"character":4}],"declarations":[[{"__symbolic":"reference","name":"TdFileSelectDirective"},{"__symbolic":"reference","name":"TdFileDropDirective"},{"__symbolic":"reference","name":"TdFileUploadComponent"},{"__symbolic":"reference","name":"TdFileInputComponent"},{"__symbolic":"reference","name":"TdFileInputLabelDirective"}]],"exports":[[{"__symbolic":"reference","name":"TdFileSelectDirective"},{"__symbolic":"reference","name":"TdFileDropDirective"},{"__symbolic":"reference","name":"TdFileUploadComponent"},{"__symbolic":"reference","name":"TdFileInputComponent"},{"__symbolic":"reference","name":"TdFileInputLabelDirective"}]],"providers":[{"__symbolic":"reference","name":"TdFileService"}]}]}],"members":{}},"TdFileDropBase":{"__symbolic":"class","members":{}},"_TdFileDropMixinBase":{"__symbolic":"call","expression":{"__symbolic":"reference","module":"@covalent/core/common","name":"mixinDisabled","line":9,"character":36},"arguments":[{"__symbolic":"reference","name":"TdFileDropBase"}]},"TdFileDropDirective":{"__symbolic":"class","extends":{"__symbolic":"reference","name":"_TdFileDropMixinBase"},"decorators":[{"__symbolic":"call","expression":{"__symbolic":"reference","module":"@angular/core","name":"Directive","line":11,"character":1},"arguments":[{"selector":"[tdFileDrop]","inputs":["disabled"]}]}],"members":{"multiple":[{"__symbolic":"property","decorators":[{"__symbolic":"call","expression":{"__symbolic":"reference","module":"@angular/core","name":"Input","line":24,"character":3},"arguments":["multiple"]}]}],"onFileDrop":[{"__symbolic":"property","decorators":[{"__symbolic":"call","expression":{"__symbolic":"reference","module":"@angular/core","name":"Output","line":34,"character":3},"arguments":["fileDrop"]}]}],"multipleBinding":[{"__symbolic":"property","decorators":[{"__symbolic":"call","expression":{"__symbolic":"reference","module":"@angular/core","name":"HostBinding","line":39,"character":3},"arguments":["attr.multiple"]}]}],"disabledBinding":[{"__symbolic":"property","decorators":[{"__symbolic":"call","expression":{"__symbolic":"reference","module":"@angular/core","name":"HostBinding","line":47,"character":3},"arguments":["attr.disabled"]}]}],"__ctor__":[{"__symbolic":"constructor","parameters":[{"__symbolic":"reference","module":"@angular/core","name":"Renderer2","line":52,"character":33},{"__symbolic":"reference","module":"@angular/core","name":"ElementRef","line":52,"character":62}]}],"onDrop":[{"__symbolic":"method","decorators":[{"__symbolic":"call","expression":{"__symbolic":"reference","module":"@angular/core","name":"HostListener","line":61,"character":3},"arguments":["drop",["$event"]]}]}],"onDragOver":[{"__symbolic":"method","decorators":[{"__symbolic":"call","expression":{"__symbolic":"reference","module":"@angular/core","name":"HostListener","line":80,"character":3},"arguments":["dragover",["$event"]]}]}],"onDragEnter":[{"__symbolic":"method","decorators":[{"__symbolic":"call","expression":{"__symbolic":"reference","module":"@angular/core","name":"HostListener","line":97,"character":3},"arguments":["dragenter",["$event"]]}]}],"onDragLeave":[{"__symbolic":"method","decorators":[{"__symbolic":"call","expression":{"__symbolic":"reference","module":"@angular/core","name":"HostListener","line":109,"character":3},"arguments":["dragleave",["$event"]]}]}],"_typeCheck":[{"__symbolic":"method"}],"_stopEvent":[{"__symbolic":"method"}]}},"TdFileSelectDirective":{"__symbolic":"class","decorators":[{"__symbolic":"call","expression":{"__symbolic":"reference","module":"@angular/core","name":"Directive","line":5,"character":1},"arguments":[{"selector":"[tdFileSelect]"}]}],"members":{"multiple":[{"__symbolic":"property","decorators":[{"__symbolic":"call","expression":{"__symbolic":"reference","module":"@angular/core","name":"Input","line":17,"character":3},"arguments":["multiple"]}]}],"onFileSelect":[{"__symbolic":"property","decorators":[{"__symbolic":"call","expression":{"__symbolic":"reference","module":"@angular/core","name":"Output","line":28,"character":3},"arguments":["fileSelect"]}]}],"multipleBinding":[{"__symbolic":"property","decorators":[{"__symbolic":"call","expression":{"__symbolic":"reference","module":"@angular/core","name":"HostBinding","line":33,"character":3},"arguments":["attr.multiple"]}]}],"__ctor__":[{"__symbolic":"constructor","parameterDecorators":[[{"__symbolic":"call","expression":{"__symbolic":"reference","module":"@angular/core","name":"Optional","line":38,"character":15}},{"__symbolic":"call","expression":{"__symbolic":"reference","module":"@angular/core","name":"Host","line":38,"character":27}}]],"parameters":[{"__symbolic":"reference","module":"@angular/forms","name":"NgModel","line":38,"character":49}]}],"onChange":[{"__symbolic":"method","decorators":[{"__symbolic":"call","expression":{"__symbolic":"reference","module":"@angular/core","name":"HostListener","line":46,"character":3},"arguments":["change",["$event"]]}]}]}},"TdFileInputLabelDirective":{"__symbolic":"class","extends":{"__symbolic":"reference","module":"@angular/cdk/portal","name":"TemplatePortalDirective","line":11,"character":47},"decorators":[{"__symbolic":"call","expression":{"__symbolic":"reference","module":"@angular/core","name":"Directive","line":8,"character":1},"arguments":[{"selector":"[td-file-input-label]ng-template"}]}],"members":{"__ctor__":[{"__symbolic":"constructor","parameters":[{"__symbolic":"reference","name":"TemplateRef","module":"@angular/core","arguments":[{"__symbolic":"reference","name":"any"}]},{"__symbolic":"reference","module":"@angular/core","name":"ViewContainerRef","line":12,"character":63}]}]}},"TdFileInputBase":{"__symbolic":"class","members":{"__ctor__":[{"__symbolic":"constructor","parameters":[{"__symbolic":"reference","module":"@angular/core","name":"ChangeDetectorRef","line":18,"character":41}]}]}},"_TdFileInputMixinBase":{"__symbolic":"call","expression":{"__symbolic":"reference","module":"@covalent/core/common","name":"mixinControlValueAccessor","line":22,"character":37},"arguments":[{"__symbolic":"call","expression":{"__symbolic":"reference","module":"@covalent/core/common","name":"mixinDisabled","line":22,"character":63},"arguments":[{"__symbolic":"reference","name":"TdFileInputBase"}]}]},"TdFileInputComponent":{"__symbolic":"class","extends":{"__symbolic":"reference","name":"_TdFileInputMixinBase"},"decorators":[{"__symbolic":"call","expression":{"__symbolic":"reference","module":"@angular/core","name":"Component","line":24,"character":1},"arguments":[{"changeDetection":{"__symbolic":"select","expression":{"__symbolic":"reference","module":"@angular/core","name":"ChangeDetectionStrategy","line":25,"character":19},"member":"OnPush"},"providers":[{"provide":{"__symbolic":"reference","module":"@angular/forms","name":"NG_VALUE_ACCESSOR","line":27,"character":13},"useExisting":{"__symbolic":"reference","name":"TdFileInputComponent"},"multi":true}],"selector":"td-file-input","inputs":["disabled","value"],"styles":[":host{ }\n  :host .td-file-input{\n    padding-left:8px;\n    padding-right:8px; }\n  :host input.td-file-input-hidden{\n    display:none; }\n  :host .drop-zone{\n    border-radius:3px; }\n    :host .drop-zone *{\n      pointer-events:none; }\n"],"template":"<div>\n  <button mat-raised-button\n          class=\"td-file-input\"\n          type=\"button\"\n          [color]=\"color\" \n          [multiple]=\"multiple\" \n          [disabled]=\"disabled\"\n          (keyup.enter)=\"fileInput.click()\"\n          (click)=\"fileInput.click()\"\n          (fileDrop)=\"handleSelect($event)\"\n          tdFileDrop>\n    <ng-content></ng-content>\n  </button>\n  <input #fileInput \n          class=\"td-file-input-hidden\" \n          type=\"file\"\n          [attr.accept]=\"accept\"                \n          (fileSelect)=\"handleSelect($event)\"\n          [multiple]=\"multiple\" \n          [disabled]=\"disabled\"\n          tdFileSelect>\n</div>"}]}],"members":{"_inputElement":[{"__symbolic":"property","decorators":[{"__symbolic":"call","expression":{"__symbolic":"reference","module":"@angular/core","name":"ViewChild","line":72,"character":3},"arguments":["fileInput"]}]}],"color":[{"__symbolic":"property","decorators":[{"__symbolic":"call","expression":{"__symbolic":"reference","module":"@angular/core","name":"Input","line":81,"character":3},"arguments":["color"]}]}],"multiple":[{"__symbolic":"property","decorators":[{"__symbolic":"call","expression":{"__symbolic":"reference","module":"@angular/core","name":"Input","line":87,"character":3},"arguments":["multiple"]}]}],"accept":[{"__symbolic":"property","decorators":[{"__symbolic":"call","expression":{"__symbolic":"reference","module":"@angular/core","name":"Input","line":100,"character":3},"arguments":["accept"]}]}],"onSelect":[{"__symbolic":"property","decorators":[{"__symbolic":"call","expression":{"__symbolic":"reference","module":"@angular/core","name":"Output","line":107,"character":3},"arguments":["select"]}]}],"__ctor__":[{"__symbolic":"constructor","parameters":[{"__symbolic":"reference","module":"@angular/core","name":"Renderer2","line":109,"character":33},{"__symbolic":"reference","module":"@angular/core","name":"ChangeDetectorRef","line":18,"character":41}]}],"handleSelect":[{"__symbolic":"method"}],"clear":[{"__symbolic":"method"}],"onDisabledChange":[{"__symbolic":"method"}]}},"TdFileUploadBase":{"__symbolic":"class","members":{"__ctor__":[{"__symbolic":"constructor","parameters":[{"__symbolic":"reference","module":"@angular/core","name":"ChangeDetectorRef","line":8,"character":41}]}]}},"_TdFileUploadMixinBase":{"__symbolic":"call","expression":{"__symbolic":"reference","module":"@covalent/core/common","name":"mixinControlValueAccessor","line":12,"character":38},"arguments":[{"__symbolic":"call","expression":{"__symbolic":"reference","module":"@covalent/core/common","name":"mixinDisabled","line":12,"character":64},"arguments":[{"__symbolic":"reference","name":"TdFileUploadBase"}]}]},"TdFileUploadComponent":{"__symbolic":"class","extends":{"__symbolic":"reference","name":"_TdFileUploadMixinBase"},"decorators":[{"__symbolic":"call","expression":{"__symbolic":"reference","module":"@angular/core","name":"Component","line":14,"character":1},"arguments":[{"changeDetection":{"__symbolic":"select","expression":{"__symbolic":"reference","module":"@angular/core","name":"ChangeDetectionStrategy","line":15,"character":19},"member":"OnPush"},"providers":[{"provide":{"__symbolic":"reference","module":"@angular/forms","name":"NG_VALUE_ACCESSOR","line":17,"character":13},"useExisting":{"__symbolic":"reference","name":"TdFileUploadComponent"},"multi":true}],"selector":"td-file-upload","inputs":["disabled","value"],"styles":[".td-file-upload{\n  padding-left:8px;\n  padding-right:8px; }\n\n.td-file-upload-cancel{\n  height:24px;\n  width:24px;\n  position:relative;\n  top:24px;\n  left:-12px; }\n  ::ng-deep [dir='rtl'] .td-file-upload-cancel{\n    right:-12px;\n    left:0; }\n  .td-file-upload-cancel mat-icon{\n    border-radius:12px;\n    vertical-align:baseline; }\n.drop-zone{\n  border-radius:3px; }\n  .drop-zone *{\n    pointer-events:none; }\n"],"template":"<td-file-input *ngIf=\"!value\"\n               [(ngModel)]=\"value\"\n               [multiple]=\"multiple\"\n               [disabled]=\"disabled\"\n               [accept]=\"accept\"\n               [color]=\"defaultColor\"\n               (select)=\"handleSelect($event)\">\n  <ng-template [cdkPortalHost]=\"inputLabel\" [ngIf]=\"true\"></ng-template>\n</td-file-input>\n<div *ngIf=\"value\">\n  <button #fileUpload\n          class=\"td-file-upload\"\n          mat-raised-button\n          type=\"button\"\n          [color]=\"activeColor\"\n          (keyup.delete)=\"cancel()\"\n          (keyup.backspace)=\"cancel()\"\n          (keyup.escape)=\"cancel()\"\n          (click)=\"uploadPressed()\"> \n    <ng-content></ng-content>\n  </button>\n  <button mat-icon-button\n          type=\"button\"\n          class=\"td-file-upload-cancel\"\n          [color]=\"cancelColor\"            \n          (click)=\"cancel()\">\n    <mat-icon>cancel</mat-icon>\n  </button>\n</div>"}]}],"members":{"fileInput":[{"__symbolic":"property","decorators":[{"__symbolic":"call","expression":{"__symbolic":"reference","module":"@angular/core","name":"ViewChild","line":79,"character":3},"arguments":[{"__symbolic":"reference","name":"TdFileInputComponent"}]}]}],"inputLabel":[{"__symbolic":"property","decorators":[{"__symbolic":"call","expression":{"__symbolic":"reference","module":"@angular/core","name":"ContentChild","line":81,"character":3},"arguments":[{"__symbolic":"reference","name":"TdFileInputLabelDirective"}]}]}],"defaultColor":[{"__symbolic":"property","decorators":[{"__symbolic":"call","expression":{"__symbolic":"reference","module":"@angular/core","name":"Input","line":87,"character":3},"arguments":["defaultColor"]}]}],"activeColor":[{"__symbolic":"property","decorators":[{"__symbolic":"call","expression":{"__symbolic":"reference","module":"@angular/core","name":"Input","line":93,"character":3},"arguments":["activeColor"]}]}],"cancelColor":[{"__symbolic":"property","decorators":[{"__symbolic":"call","expression":{"__symbolic":"reference","module":"@angular/core","name":"Input","line":99,"character":3},"arguments":["cancelColor"]}]}],"multiple":[{"__symbolic":"property","decorators":[{"__symbolic":"call","expression":{"__symbolic":"reference","module":"@angular/core","name":"Input","line":105,"character":3},"arguments":["multiple"]}]}],"required":[{"__symbolic":"property","decorators":[{"__symbolic":"call","expression":{"__symbolic":"reference","module":"@angular/core","name":"Input","line":118,"character":3},"arguments":["required"]}]}],"accept":[{"__symbolic":"property","decorators":[{"__symbolic":"call","expression":{"__symbolic":"reference","module":"@angular/core","name":"Input","line":131,"character":3},"arguments":["accept"]}]}],"onSelect":[{"__symbolic":"property","decorators":[{"__symbolic":"call","expression":{"__symbolic":"reference","module":"@angular/core","name":"Output","line":138,"character":3},"arguments":["select"]}]}],"onUpload":[{"__symbolic":"property","decorators":[{"__symbolic":"call","expression":{"__symbolic":"reference","module":"@angular/core","name":"Output","line":145,"character":3},"arguments":["upload"]}]}],"onCancel":[{"__symbolic":"property","decorators":[{"__symbolic":"call","expression":{"__symbolic":"reference","module":"@angular/core","name":"Output","line":151,"character":3},"arguments":["cancel"]}]}],"__ctor__":[{"__symbolic":"constructor","parameters":[{"__symbolic":"reference","module":"@angular/core","name":"ChangeDetectorRef","line":8,"character":41}]}],"uploadPressed":[{"__symbolic":"method"}],"handleSelect":[{"__symbolic":"method"}],"cancel":[{"__symbolic":"method"}],"onDisabledChange":[{"__symbolic":"method"}]}},"IUploadOptions":{"__symbolic":"interface"},"TdFileService":{"__symbolic":"class","decorators":[{"__symbolic":"call","expression":{"__symbolic":"reference","module":"@angular/core","name":"Injectable","line":13,"character":1}}],"members":{"__ctor__":[{"__symbolic":"constructor"}],"upload":[{"__symbolic":"method"}]}}},"origins":{"CovalentFileModule":"./file.module","TdFileDropBase":"./directives/file-drop.directive","_TdFileDropMixinBase":"./directives/file-drop.directive","TdFileDropDirective":"./directives/file-drop.directive","TdFileSelectDirective":"./directives/file-select.directive","TdFileInputLabelDirective":"./file-input/file-input.component","TdFileInputBase":"./file-input/file-input.component","_TdFileInputMixinBase":"./file-input/file-input.component","TdFileInputComponent":"./file-input/file-input.component","TdFileUploadBase":"./file-upload/file-upload.component","_TdFileUploadMixinBase":"./file-upload/file-upload.component","TdFileUploadComponent":"./file-upload/file-upload.component","IUploadOptions":"./services/file.service","TdFileService":"./services/file.service"},"importAs":"@covalent/core/file"}