{"__symbolic":"module","version":4,"metadata":{"CovalentLayoutModule":{"__symbolic":"class","decorators":[{"__symbolic":"call","expression":{"__symbolic":"reference","module":"@angular/core","name":"NgModule","line":57,"character":1},"arguments":[{"imports":[{"__symbolic":"reference","module":"@angular/common","name":"CommonModule","line":59,"character":4},{"__symbolic":"reference","module":"@angular/cdk/scrolling","name":"ScrollDispatchModule","line":60,"character":4},{"__symbolic":"reference","module":"@angular/material/sidenav","name":"MatSidenavModule","line":61,"character":4},{"__symbolic":"reference","module":"@angular/material/toolbar","name":"MatToolbarModule","line":62,"character":4},{"__symbolic":"reference","module":"@angular/material/button","name":"MatButtonModule","line":63,"character":4},{"__symbolic":"reference","module":"@angular/material/icon","name":"MatIconModule","line":64,"character":4},{"__symbolic":"reference","module":"@angular/material/card","name":"MatCardModule","line":65,"character":4},{"__symbolic":"reference","module":"@angular/material/divider","name":"MatDividerModule","line":66,"character":4}],"declarations":[[{"__symbolic":"reference","name":"TdLayoutComponent"},{"__symbolic":"reference","name":"TdLayoutToggleDirective"},{"__symbolic":"reference","name":"TdLayoutCloseDirective"},{"__symbolic":"reference","name":"TdLayoutOpenDirective"},{"__symbolic":"reference","name":"TdLayoutNavComponent"},{"__symbolic":"reference","name":"TdLayoutNavListComponent"},{"__symbolic":"reference","name":"TdLayoutNavListToggleDirective"},{"__symbolic":"reference","name":"TdLayoutNavListCloseDirective"},{"__symbolic":"reference","name":"TdLayoutNavListOpenDirective"},{"__symbolic":"reference","name":"TdLayoutCardOverComponent"},{"__symbolic":"reference","name":"TdLayoutManageListComponent"},{"__symbolic":"reference","name":"TdLayoutManageListToggleDirective"},{"__symbolic":"reference","name":"TdLayoutManageListCloseDirective"},{"__symbolic":"reference","name":"TdLayoutManageListOpenDirective"},{"__symbolic":"reference","name":"TdLayoutFooterComponent"},{"__symbolic":"reference","name":"TdNavigationDrawerComponent"},{"__symbolic":"reference","name":"TdNavigationDrawerMenuDirective"},{"__symbolic":"reference","name":"TdNavigationDrawerToolbarDirective"}]],"exports":[[{"__symbolic":"reference","name":"TdLayoutComponent"},{"__symbolic":"reference","name":"TdLayoutToggleDirective"},{"__symbolic":"reference","name":"TdLayoutCloseDirective"},{"__symbolic":"reference","name":"TdLayoutOpenDirective"},{"__symbolic":"reference","name":"TdLayoutNavComponent"},{"__symbolic":"reference","name":"TdLayoutNavListComponent"},{"__symbolic":"reference","name":"TdLayoutNavListToggleDirective"},{"__symbolic":"reference","name":"TdLayoutNavListCloseDirective"},{"__symbolic":"reference","name":"TdLayoutNavListOpenDirective"},{"__symbolic":"reference","name":"TdLayoutCardOverComponent"},{"__symbolic":"reference","name":"TdLayoutManageListComponent"},{"__symbolic":"reference","name":"TdLayoutManageListToggleDirective"},{"__symbolic":"reference","name":"TdLayoutManageListCloseDirective"},{"__symbolic":"reference","name":"TdLayoutManageListOpenDirective"},{"__symbolic":"reference","name":"TdLayoutFooterComponent"},{"__symbolic":"reference","name":"TdNavigationDrawerComponent"},{"__symbolic":"reference","name":"TdNavigationDrawerMenuDirective"},{"__symbolic":"reference","name":"TdNavigationDrawerToolbarDirective"}]]}]}],"members":{}},"TdLayoutComponent":{"__symbolic":"class","decorators":[{"__symbolic":"call","expression":{"__symbolic":"reference","module":"@angular/core","name":"Component","line":6,"character":1},"arguments":[{"selector":"td-layout","styles":[":host{\n  display:-webkit-box;\n  display:-ms-flexbox;\n  display:flex;\n  margin:0;\n  width:100%;\n  min-height:100%;\n  height:100%;\n  overflow:hidden; }\n  :host ::ng-deep > mat-sidenav-container > mat-sidenav{\n    display:-webkit-box;\n    display:-ms-flexbox;\n    display:flex;\n    -webkit-box-orient:vertical;\n    -webkit-box-direction:normal;\n        -ms-flex-direction:column;\n            flex-direction:column; }\n"],"template":"<mat-sidenav-container fullscreen>\n  <mat-sidenav #sidenav\n              class=\"td-layout-sidenav\"\n              [mode]=\"mode\"\n              [opened]=\"opened\"\n              [style.max-width]=\"sidenavWidth\"\n              [style.min-width]=\"sidenavWidth\"\n              [disableClose]=\"disableClose\">\n    <ng-content select=\"td-navigation-drawer\"></ng-content>\n    <ng-content select=\"[td-sidenav-content]\"></ng-content>\n  </mat-sidenav>\n  <ng-content></ng-content>\n</mat-sidenav-container>\n"}]}],"members":{"sidenav":[{"__symbolic":"property","decorators":[{"__symbolic":"call","expression":{"__symbolic":"reference","module":"@angular/core","name":"ViewChild","line":43,"character":3},"arguments":[{"__symbolic":"reference","module":"@angular/material/sidenav","name":"MatSidenav","line":43,"character":13}]}]}],"mode":[{"__symbolic":"property","decorators":[{"__symbolic":"call","expression":{"__symbolic":"reference","module":"@angular/core","name":"Input","line":54,"character":3},"arguments":["mode"]}]}],"opened":[{"__symbolic":"property","decorators":[{"__symbolic":"call","expression":{"__symbolic":"reference","module":"@angular/core","name":"Input","line":66,"character":3},"arguments":["opened"]}]}],"sidenavWidth":[{"__symbolic":"property","decorators":[{"__symbolic":"call","expression":{"__symbolic":"reference","module":"@angular/core","name":"Input","line":76,"character":3},"arguments":["sidenavWidth"]}]}],"toggle":[{"__symbolic":"method"}],"open":[{"__symbolic":"method"}],"close":[{"__symbolic":"method"}]}},"TdLayoutToggleDirective":{"__symbolic":"class","extends":{"__symbolic":"reference","name":"LayoutToggle"},"decorators":[{"__symbolic":"call","expression":{"__symbolic":"reference","module":"@angular/core","name":"Directive","line":4,"character":1},"arguments":[{"selector":"[tdLayoutToggle]"}]}],"members":{"tdLayoutToggle":[{"__symbolic":"property","decorators":[{"__symbolic":"call","expression":{"__symbolic":"reference","module":"@angular/core","name":"Input","line":9,"character":3},"arguments":["tdLayoutToggle"]}]}],"__ctor__":[{"__symbolic":"constructor","parameterDecorators":[[{"__symbolic":"call","expression":{"__symbolic":"reference","module":"@angular/core","name":"Inject","line":14,"character":15},"arguments":[{"__symbolic":"reference","name":"TdLayoutComponent"}]}],null,null],"parameters":[{"__symbolic":"reference","name":"TdLayoutComponent"},{"__symbolic":"reference","module":"@angular/core","name":"Renderer2","line":15,"character":24},{"__symbolic":"reference","module":"@angular/core","name":"ElementRef","line":16,"character":26}]}],"onClick":[{"__symbolic":"method"}]}},"TdLayoutCloseDirective":{"__symbolic":"class","extends":{"__symbolic":"reference","name":"LayoutToggle"},"decorators":[{"__symbolic":"call","expression":{"__symbolic":"reference","module":"@angular/core","name":"Directive","line":25,"character":1},"arguments":[{"selector":"[tdLayoutClose]"}]}],"members":{"tdLayoutClose":[{"__symbolic":"property","decorators":[{"__symbolic":"call","expression":{"__symbolic":"reference","module":"@angular/core","name":"Input","line":30,"character":3},"arguments":["tdLayoutClose"]}]}],"__ctor__":[{"__symbolic":"constructor","parameterDecorators":[[{"__symbolic":"call","expression":{"__symbolic":"reference","module":"@angular/core","name":"Inject","line":35,"character":15},"arguments":[{"__symbolic":"reference","name":"TdLayoutComponent"}]}],null,null],"parameters":[{"__symbolic":"reference","name":"TdLayoutComponent"},{"__symbolic":"reference","module":"@angular/core","name":"Renderer2","line":15,"character":24},{"__symbolic":"reference","module":"@angular/core","name":"ElementRef","line":16,"character":26}]}],"onClick":[{"__symbolic":"method"}]}},"TdLayoutOpenDirective":{"__symbolic":"class","extends":{"__symbolic":"reference","name":"LayoutToggle"},"decorators":[{"__symbolic":"call","expression":{"__symbolic":"reference","module":"@angular/core","name":"Directive","line":46,"character":1},"arguments":[{"selector":"[tdLayoutOpen]"}]}],"members":{"tdLayoutClose":[{"__symbolic":"property","decorators":[{"__symbolic":"call","expression":{"__symbolic":"reference","module":"@angular/core","name":"Input","line":51,"character":3},"arguments":["tdLayoutOpen"]}]}],"__ctor__":[{"__symbolic":"constructor","parameterDecorators":[[{"__symbolic":"call","expression":{"__symbolic":"reference","module":"@angular/core","name":"Inject","line":56,"character":15},"arguments":[{"__symbolic":"reference","name":"TdLayoutComponent"}]}],null,null],"parameters":[{"__symbolic":"reference","name":"TdLayoutComponent"},{"__symbolic":"reference","module":"@angular/core","name":"Renderer2","line":15,"character":24},{"__symbolic":"reference","module":"@angular/core","name":"ElementRef","line":16,"character":26}]}],"onClick":[{"__symbolic":"method"}]}},"ILayoutTogglable":{"__symbolic":"interface"},"LayoutToggleBase":{"__symbolic":"class","members":{}},"_TdLayoutToggleMixinBase":{"__symbolic":"call","expression":{"__symbolic":"reference","module":"@covalent/core/common","name":"mixinDisabled","line":19,"character":40},"arguments":[{"__symbolic":"reference","name":"LayoutToggleBase"}]},"LayoutToggle":{"__symbolic":"class","extends":{"__symbolic":"reference","name":"_TdLayoutToggleMixinBase"},"members":{"hideWhenOpened":[{"__symbolic":"property","decorators":[{"__symbolic":"call","expression":{"__symbolic":"reference","module":"@angular/core","name":"Input","line":33,"character":3},"arguments":["hideWhenOpened"]}]}],"__ctor__":[{"__symbolic":"constructor","parameters":[{"__symbolic":"reference","name":"any"},{"__symbolic":"reference","module":"@angular/core","name":"Renderer2","line":42,"character":33},{"__symbolic":"reference","module":"@angular/core","name":"ElementRef","line":43,"character":35}]}],"ngAfterViewInit":[{"__symbolic":"method"}],"ngOnDestroy":[{"__symbolic":"method"}],"clickListener":[{"__symbolic":"method","decorators":[{"__symbolic":"call","expression":{"__symbolic":"reference","module":"@angular/core","name":"HostListener","line":68,"character":3},"arguments":["click",["$event"]]}]}],"onClick":[{"__symbolic":"method"}],"_toggleVisibility":[{"__symbolic":"method"}]}},"TdLayoutCardOverComponent":{"__symbolic":"class","decorators":[{"__symbolic":"call","expression":{"__symbolic":"reference","module":"@angular/core","name":"Component","line":3,"character":1},"arguments":[{"selector":"td-layout-card-over","styles":[":host{\n  position:relative;\n  display:block;\n  z-index:2;\n  width:100%;\n  min-height:100%;\n  height:100%; }\n  :host [td-after-card]{\n    display:block; }\n\n.td-layout-card-over-wrapper{\n  margin:-64px;\n  margin-left:0;\n  margin-right:0;\n  width:100%;\n  min-height:100%;\n  height:100%; }\n  @media (min-width: 600px){\n    .td-layout-card-over-wrapper{\n      -webkit-box-orient:horizontal;\n      -webkit-box-direction:normal;\n          -ms-flex-direction:row;\n              flex-direction:row;\n      -webkit-box-sizing:border-box;\n              box-sizing:border-box;\n      display:-webkit-box;\n      display:-ms-flexbox;\n      display:flex;\n      -webkit-box-align:start;\n          -ms-flex-align:start;\n              align-items:flex-start;\n      -ms-flex-line-pack:start;\n          align-content:flex-start;\n      -webkit-box-pack:center;\n          -ms-flex-pack:center;\n              justify-content:center; }\n      .td-layout-card-over-wrapper .td-layout-card-over{\n        max-height:100%;\n        -webkit-box-sizing:border-box;\n                box-sizing:border-box; } }\n  @media (max-width: 599px){\n    .td-layout-card-over-wrapper .td-layout-card-over{\n      max-width:100% !important; } }\n"],"template":"<mat-toolbar [color]=\"color\">\n</mat-toolbar>\n<div class=\"td-layout-card-over-wrapper\">\n  <div class=\"td-layout-card-over\"\n        [style.max-width.%]=\"cardWidth\"\n        [style.flex]=\"'1 1 ' + cardWidth + '%'\"\n        [style.-ms-flex]=\"'1 1 ' + cardWidth + '%'\"\n        [style.-webkit-box-flex]=\"1\">\n    <mat-card>\n      <mat-card-title *ngIf=\"cardTitle\">{{cardTitle}}</mat-card-title>\n      <mat-card-subtitle *ngIf=\"cardSubtitle\">{{cardSubtitle}}</mat-card-subtitle>\n      <mat-divider *ngIf=\"cardTitle || cardSubtitle\"></mat-divider>\n      <ng-content></ng-content>\n    </mat-card>\n    <ng-content select=\"[td-after-card]\"></ng-content>\n  </div>\n</div>\n"}]}],"members":{"cardTitle":[{"__symbolic":"property","decorators":[{"__symbolic":"call","expression":{"__symbolic":"reference","module":"@angular/core","name":"Input","line":75,"character":3},"arguments":["cardTitle"]}]}],"cardSubtitle":[{"__symbolic":"property","decorators":[{"__symbolic":"call","expression":{"__symbolic":"reference","module":"@angular/core","name":"Input","line":82,"character":3},"arguments":["cardSubtitle"]}]}],"cardWidth":[{"__symbolic":"property","decorators":[{"__symbolic":"call","expression":{"__symbolic":"reference","module":"@angular/core","name":"Input","line":90,"character":3},"arguments":["cardWidth"]}]}],"color":[{"__symbolic":"property","decorators":[{"__symbolic":"call","expression":{"__symbolic":"reference","module":"@angular/core","name":"Input","line":98,"character":3},"arguments":["color"]}]}]}},"TdLayoutFooterComponent":{"__symbolic":"class","decorators":[{"__symbolic":"call","expression":{"__symbolic":"reference","module":"@angular/core","name":"Component","line":2,"character":1},"arguments":[{"selector":"td-layout-footer,td-layout-footer-inner","styles":[":host{\n  display:block;\n  padding:10px 16px; }\n"],"template":"<ng-content></ng-content>\n"}]}],"members":{"color":[{"__symbolic":"property","decorators":[{"__symbolic":"call","expression":{"__symbolic":"reference","module":"@angular/core","name":"Input","line":21,"character":3},"arguments":["color"]}]}],"__ctor__":[{"__symbolic":"constructor","parameters":[{"__symbolic":"reference","module":"@angular/core","name":"Renderer2","line":33,"character":33},{"__symbolic":"reference","module":"@angular/core","name":"ElementRef","line":34,"character":35}]}]}},"TdLayoutManageListComponent":{"__symbolic":"class","decorators":[{"__symbolic":"call","expression":{"__symbolic":"reference","module":"@angular/core","name":"Component","line":6,"character":1},"arguments":[{"selector":"td-layout-manage-list","styles":[":host{\n  display:-webkit-box;\n  display:-ms-flexbox;\n  display:flex;\n  margin:0;\n  width:100%;\n  min-height:100%;\n  height:100%;\n  overflow:hidden; }\n  :host mat-sidenav-container.td-layout-manage-list{\n    -webkit-box-flex:1;\n        -ms-flex:1;\n            flex:1; }\n    :host mat-sidenav-container.td-layout-manage-list > mat-sidenav.mat-drawer-opened, :host mat-sidenav-container.td-layout-manage-list > mat-sidenav.mat-drawer-opening, :host mat-sidenav-container.td-layout-manage-list > mat-sidenav.mat-drawer-closed, :host mat-sidenav-container.td-layout-manage-list > mat-sidenav.mat-drawer-closing{\n      -webkit-box-shadow:0 1px 3px 0 rgba(0, 0, 0, 0.2);\n              box-shadow:0 1px 3px 0 rgba(0, 0, 0, 0.2); }\n  :host .td-layout-manage-list-sidenav{\n    text-align:start;\n    -webkit-box-flex:1;\n        -ms-flex:1;\n            flex:1;\n    display:block;\n    position:relative;\n    overflow:auto;\n    -webkit-overflow-scrolling:touch; }\n  :host .td-layout-manage-list-main{\n    margin:0;\n    width:100%;\n    min-height:100%;\n    height:100%;\n    position:relative;\n    overflow:auto;\n    -webkit-box-orient:vertical;\n    -webkit-box-direction:normal;\n        -ms-flex-direction:column;\n            flex-direction:column;\n    -webkit-box-sizing:border-box;\n            box-sizing:border-box;\n    display:-webkit-box;\n    display:-ms-flexbox;\n    display:flex; }\n    :host .td-layout-manage-list-main .td-layout-manage-list-content{\n      display:block;\n      position:relative;\n      overflow:auto;\n      -webkit-overflow-scrolling:touch;\n      -webkit-box-flex:1;\n          -ms-flex:1;\n              flex:1; }\n\n:host ::ng-deep mat-sidenav-container.td-layout-manage-list{ }\n  :host ::ng-deep mat-sidenav-container.td-layout-manage-list > .mat-drawer-content{\n    -webkit-box-flex:1;\n        -ms-flex-positive:1;\n            flex-grow:1; }\n  :host ::ng-deep mat-sidenav-container.td-layout-manage-list > mat-sidenav{\n    -webkit-box-shadow:0 1px 3px 0 rgba(0, 0, 0, 0.2), 0 1px 1px 0 rgba(0, 0, 0, 0.14), 0 2px 1px -1px rgba(0, 0, 0, 0.12);\n            box-shadow:0 1px 3px 0 rgba(0, 0, 0, 0.2), 0 1px 1px 0 rgba(0, 0, 0, 0.14), 0 2px 1px -1px rgba(0, 0, 0, 0.12);\n    -webkit-box-sizing:border-box;\n            box-sizing:border-box;\n    display:-webkit-box;\n    display:-ms-flexbox;\n    display:flex;\n    -webkit-box-orient:vertical;\n    -webkit-box-direction:normal;\n        -ms-flex-direction:column;\n            flex-direction:column; }\n\n:host ::ng-deep mat-nav-list a[mat-list-item] .mat-list-item-content{\n  font-size:14px; }\n\n:host ::ng-deep .mat-toolbar{\n  font-weight:400; }\n"],"template":"<mat-sidenav-container fullscreen class=\"td-layout-manage-list\">\n  <mat-sidenav #sidenav\n              position=\"start\"\n              [mode]=\"mode\"\n              [opened]=\"opened\"\n              [disableClose]=\"disableClose\"\n              [style.max-width]=\"sidenavWidth\"\n              [style.min-width]=\"sidenavWidth\">\n    <ng-content select=\"mat-toolbar[td-sidenav-content]\"></ng-content>\n    <div class=\"td-layout-manage-list-sidenav\" cdkScrollable>\n      <ng-content select=\"[td-sidenav-content]\"></ng-content>\n    </div>\n  </mat-sidenav>\n  <div class=\"td-layout-manage-list-main\">\n    <ng-content select=\"mat-toolbar\"></ng-content>\n    <div class=\"td-layout-manage-list-content\" cdkScrollable>\n      <ng-content></ng-content>\n    </div>\n    <ng-content select=\"td-layout-footer-inner\"></ng-content>\n  </div>\n</mat-sidenav-container>\n"}]}],"members":{"sidenav":[{"__symbolic":"property","decorators":[{"__symbolic":"call","expression":{"__symbolic":"reference","module":"@angular/core","name":"ViewChild","line":107,"character":3},"arguments":[{"__symbolic":"reference","module":"@angular/material/sidenav","name":"MatSidenav","line":107,"character":13}]}]}],"mode":[{"__symbolic":"property","decorators":[{"__symbolic":"call","expression":{"__symbolic":"reference","module":"@angular/core","name":"Input","line":118,"character":3},"arguments":["mode"]}]}],"opened":[{"__symbolic":"property","decorators":[{"__symbolic":"call","expression":{"__symbolic":"reference","module":"@angular/core","name":"Input","line":130,"character":3},"arguments":["opened"]}]}],"sidenavWidth":[{"__symbolic":"property","decorators":[{"__symbolic":"call","expression":{"__symbolic":"reference","module":"@angular/core","name":"Input","line":140,"character":3},"arguments":["sidenavWidth"]}]}],"toggle":[{"__symbolic":"method"}],"open":[{"__symbolic":"method"}],"close":[{"__symbolic":"method"}]}},"TdLayoutManageListToggleDirective":{"__symbolic":"class","extends":{"__symbolic":"reference","name":"LayoutToggle"},"decorators":[{"__symbolic":"call","expression":{"__symbolic":"reference","module":"@angular/core","name":"Directive","line":4,"character":1},"arguments":[{"selector":"[tdLayoutManageListToggle]"}]}],"members":{"tdLayoutManageListToggle":[{"__symbolic":"property","decorators":[{"__symbolic":"call","expression":{"__symbolic":"reference","module":"@angular/core","name":"Input","line":9,"character":3},"arguments":["tdLayoutManageListToggle"]}]}],"__ctor__":[{"__symbolic":"constructor","parameterDecorators":[[{"__symbolic":"call","expression":{"__symbolic":"reference","module":"@angular/core","name":"Inject","line":14,"character":15},"arguments":[{"__symbolic":"reference","name":"TdLayoutManageListComponent"}]}],null,null],"parameters":[{"__symbolic":"reference","name":"TdLayoutManageListComponent"},{"__symbolic":"reference","module":"@angular/core","name":"Renderer2","line":15,"character":24},{"__symbolic":"reference","module":"@angular/core","name":"ElementRef","line":16,"character":26}]}],"onClick":[{"__symbolic":"method"}]}},"TdLayoutManageListCloseDirective":{"__symbolic":"class","extends":{"__symbolic":"reference","name":"LayoutToggle"},"decorators":[{"__symbolic":"call","expression":{"__symbolic":"reference","module":"@angular/core","name":"Directive","line":25,"character":1},"arguments":[{"selector":"[tdLayoutManageListClose]"}]}],"members":{"tdLayoutManageListClose":[{"__symbolic":"property","decorators":[{"__symbolic":"call","expression":{"__symbolic":"reference","module":"@angular/core","name":"Input","line":30,"character":3},"arguments":["tdLayoutManageListClose"]}]}],"__ctor__":[{"__symbolic":"constructor","parameterDecorators":[[{"__symbolic":"call","expression":{"__symbolic":"reference","module":"@angular/core","name":"Inject","line":35,"character":15},"arguments":[{"__symbolic":"reference","name":"TdLayoutManageListComponent"}]}],null,null],"parameters":[{"__symbolic":"reference","name":"TdLayoutManageListComponent"},{"__symbolic":"reference","module":"@angular/core","name":"Renderer2","line":15,"character":24},{"__symbolic":"reference","module":"@angular/core","name":"ElementRef","line":16,"character":26}]}],"onClick":[{"__symbolic":"method"}]}},"TdLayoutManageListOpenDirective":{"__symbolic":"class","extends":{"__symbolic":"reference","name":"LayoutToggle"},"decorators":[{"__symbolic":"call","expression":{"__symbolic":"reference","module":"@angular/core","name":"Directive","line":46,"character":1},"arguments":[{"selector":"[tdLayoutManageListOpen]"}]}],"members":{"tdLayoutManageListOpen":[{"__symbolic":"property","decorators":[{"__symbolic":"call","expression":{"__symbolic":"reference","module":"@angular/core","name":"Input","line":51,"character":3},"arguments":["tdLayoutManageListOpen"]}]}],"__ctor__":[{"__symbolic":"constructor","parameterDecorators":[[{"__symbolic":"call","expression":{"__symbolic":"reference","module":"@angular/core","name":"Inject","line":56,"character":15},"arguments":[{"__symbolic":"reference","name":"TdLayoutManageListComponent"}]}],null,null],"parameters":[{"__symbolic":"reference","name":"TdLayoutManageListComponent"},{"__symbolic":"reference","module":"@angular/core","name":"Renderer2","line":15,"character":24},{"__symbolic":"reference","module":"@angular/core","name":"ElementRef","line":16,"character":26}]}],"onClick":[{"__symbolic":"method"}]}},"TdLayoutNavComponent":{"__symbolic":"class","decorators":[{"__symbolic":"call","expression":{"__symbolic":"reference","module":"@angular/core","name":"Component","line":4,"character":1},"arguments":[{"selector":"td-layout-nav","styles":[".td-menu-button{\n  margin-left:0; }\n  ::ng-deep [dir='rtl'] .td-menu-button{\n    margin-right:0;\n    margin-left:6px; }\n\n:host{\n  display:-webkit-box;\n  display:-ms-flexbox;\n  display:flex;\n  margin:0;\n  width:100%;\n  min-height:100%;\n  height:100%;\n  overflow:hidden; }\n  :host .td-layout-nav-wrapper{\n    -webkit-box-orient:vertical;\n    -webkit-box-direction:normal;\n        -ms-flex-direction:column;\n            flex-direction:column;\n    -webkit-box-sizing:border-box;\n            box-sizing:border-box;\n    display:-webkit-box;\n    display:-ms-flexbox;\n    display:flex;\n    margin:0;\n    width:100%;\n    min-height:100%;\n    height:100%; }\n    :host .td-layout-nav-wrapper .td-layout-nav-toolbar-content{\n      -webkit-box-orient:horizontal;\n      -webkit-box-direction:normal;\n          -ms-flex-direction:row;\n              flex-direction:row;\n      -webkit-box-sizing:border-box;\n              box-sizing:border-box;\n      display:-webkit-box;\n      display:-ms-flexbox;\n      display:flex;\n      -webkit-box-align:center;\n          -ms-flex-align:center;\n              align-items:center;\n      -ms-flex-line-pack:center;\n          align-content:center;\n      max-width:100%;\n      -webkit-box-pack:start;\n          -ms-flex-pack:start;\n              justify-content:start; }\n    :host .td-layout-nav-wrapper .td-layout-nav-content{\n      -webkit-box-orient:vertical;\n      -webkit-box-direction:normal;\n          -ms-flex-direction:column;\n              flex-direction:column;\n      -webkit-box-sizing:border-box;\n              box-sizing:border-box;\n      display:-webkit-box;\n      display:-ms-flexbox;\n      display:flex;\n      -webkit-box-flex:1;\n          -ms-flex:1;\n              flex:1;\n      position:relative;\n      overflow:auto;\n      -webkit-overflow-scrolling:touch; }\n"],"template":"<div class=\"td-layout-nav-wrapper\">\n  <mat-toolbar [color]=\"color\">\n    <ng-content select=\"[td-menu-button]\"></ng-content>\n    <span *ngIf=\"icon || logo || toolbarTitle\"\n          [class.cursor-pointer]=\"routerEnabled\"\n          (click)=\"handleNavigationClick()\"\n          class=\"td-layout-nav-toolbar-content\">\n      <mat-icon *ngIf=\"icon\">{{icon}}</mat-icon>\n      <mat-icon *ngIf=\"logo && !icon\" class=\"mat-icon-logo\" [svgIcon]=\"logo\"></mat-icon>\n      <span *ngIf=\"toolbarTitle\">{{toolbarTitle}}</span>\n    </span>\n    <ng-content select=\"[td-toolbar-content]\"></ng-content>\n  </mat-toolbar>\n  <div class=\"td-layout-nav-content\" cdkScrollable>\n    <ng-content></ng-content>\n  </div>\n  <ng-content select=\"td-layout-footer\"></ng-content>\n</div>\n"}]}],"members":{"toolbarTitle":[{"__symbolic":"property","decorators":[{"__symbolic":"call","expression":{"__symbolic":"reference","module":"@angular/core","name":"Input","line":98,"character":3},"arguments":["toolbarTitle"]}]}],"icon":[{"__symbolic":"property","decorators":[{"__symbolic":"call","expression":{"__symbolic":"reference","module":"@angular/core","name":"Input","line":105,"character":3},"arguments":["icon"]}]}],"logo":[{"__symbolic":"property","decorators":[{"__symbolic":"call","expression":{"__symbolic":"reference","module":"@angular/core","name":"Input","line":113,"character":3},"arguments":["logo"]}]}],"color":[{"__symbolic":"property","decorators":[{"__symbolic":"call","expression":{"__symbolic":"reference","module":"@angular/core","name":"Input","line":121,"character":3},"arguments":["color"]}]}],"navigationRoute":[{"__symbolic":"property","decorators":[{"__symbolic":"call","expression":{"__symbolic":"reference","module":"@angular/core","name":"Input","line":128,"character":3},"arguments":["navigationRoute"]}]}],"__ctor__":[{"__symbolic":"constructor","parameterDecorators":[[{"__symbolic":"call","expression":{"__symbolic":"reference","module":"@angular/core","name":"Optional","line":137,"character":15}}]],"parameters":[{"__symbolic":"reference","module":"@angular/router","name":"Router","line":137,"character":43}]}],"handleNavigationClick":[{"__symbolic":"method"}]}},"TdLayoutNavListComponent":{"__symbolic":"class","decorators":[{"__symbolic":"call","expression":{"__symbolic":"reference","module":"@angular/core","name":"Component","line":7,"character":1},"arguments":[{"selector":"td-layout-nav-list","styles":[":host{\n  margin:0;\n  width:100%;\n  min-height:100%;\n  height:100%;\n  overflow:hidden;\n  -webkit-box-orient:vertical;\n  -webkit-box-direction:normal;\n      -ms-flex-direction:column;\n          flex-direction:column;\n  -webkit-box-sizing:border-box;\n          box-sizing:border-box;\n  display:-webkit-box;\n  display:-ms-flexbox;\n  display:flex;\n  -webkit-box-flex:1;\n      -ms-flex:1;\n          flex:1; }\n  :host .td-layout-nav-list-wrapper{\n    -webkit-box-orient:vertical;\n    -webkit-box-direction:normal;\n        -ms-flex-direction:column;\n            flex-direction:column;\n    -webkit-box-sizing:border-box;\n            box-sizing:border-box;\n    display:-webkit-box;\n    display:-ms-flexbox;\n    display:flex;\n    -webkit-box-flex:1;\n        -ms-flex:1;\n            flex:1;\n    position:relative;\n    overflow:auto;\n    -webkit-overflow-scrolling:touch; }\n    :host .td-layout-nav-list-wrapper .td-layout-nav-list-toolbar-content{\n      -webkit-box-orient:horizontal;\n      -webkit-box-direction:normal;\n          -ms-flex-direction:row;\n              flex-direction:row;\n      -webkit-box-sizing:border-box;\n              box-sizing:border-box;\n      display:-webkit-box;\n      display:-ms-flexbox;\n      display:flex;\n      -webkit-box-align:center;\n          -ms-flex-align:center;\n              align-items:center;\n      -ms-flex-line-pack:center;\n          align-content:center;\n      max-width:100%;\n      -webkit-box-pack:start;\n          -ms-flex-pack:start;\n              justify-content:start; }\n    :host .td-layout-nav-list-wrapper .td-layout-nav-list-content{\n      text-align:start;\n      -webkit-box-flex:1;\n          -ms-flex:1;\n              flex:1;\n      display:block;\n      position:relative;\n      overflow:auto;\n      -webkit-overflow-scrolling:touch; }\n    :host .td-layout-nav-list-wrapper .td-layout-nav-list-main{\n      -webkit-box-orient:vertical;\n      -webkit-box-direction:normal;\n          -ms-flex-direction:column;\n              flex-direction:column;\n      -webkit-box-sizing:border-box;\n              box-sizing:border-box;\n      display:-webkit-box;\n      display:-ms-flexbox;\n      display:flex;\n      margin:0;\n      width:100%;\n      min-height:100%;\n      height:100%;\n      position:relative;\n      overflow:auto; }\n      :host .td-layout-nav-list-wrapper .td-layout-nav-list-main .td-layout-nav-list-content{\n        display:block;\n        position:relative;\n        overflow:auto;\n        -webkit-overflow-scrolling:touch;\n        -webkit-box-flex:1;\n            -ms-flex:1;\n                flex:1; }\n    :host .td-layout-nav-list-wrapper mat-sidenav-container.td-layout-nav-list{\n      -webkit-box-flex:1;\n          -ms-flex:1;\n              flex:1; }\n      :host .td-layout-nav-list-wrapper mat-sidenav-container.td-layout-nav-list > mat-sidenav.mat-drawer-opened, :host .td-layout-nav-list-wrapper mat-sidenav-container.td-layout-nav-list > mat-sidenav.mat-drawer-opening, :host .td-layout-nav-list-wrapper mat-sidenav-container.td-layout-nav-list > mat-sidenav.mat-drawer-closed, :host .td-layout-nav-list-wrapper mat-sidenav-container.td-layout-nav-list > mat-sidenav.mat-drawer-closing{\n        -webkit-box-shadow:none;\n                box-shadow:none; }\n\n:host ::ng-deep mat-sidenav-container.td-layout-nav-list{ }\n  :host ::ng-deep mat-sidenav-container.td-layout-nav-list > .mat-drawer-content{\n    -webkit-box-flex:1;\n        -ms-flex-positive:1;\n            flex-grow:1; }\n  :host ::ng-deep mat-sidenav-container.td-layout-nav-list > mat-sidenav{\n    -webkit-box-shadow:0 1px 3px 0 rgba(0, 0, 0, 0.2), 0 1px 1px 0 rgba(0, 0, 0, 0.14), 0 2px 1px -1px rgba(0, 0, 0, 0.12);\n            box-shadow:0 1px 3px 0 rgba(0, 0, 0, 0.2), 0 1px 1px 0 rgba(0, 0, 0, 0.14), 0 2px 1px -1px rgba(0, 0, 0, 0.12);\n    -webkit-box-sizing:border-box;\n            box-sizing:border-box;\n    display:-webkit-box;\n    display:-ms-flexbox;\n    display:flex;\n    -webkit-box-orient:vertical;\n    -webkit-box-direction:normal;\n        -ms-flex-direction:column;\n            flex-direction:column; }\n"],"template":"<div class=\"td-layout-nav-list-wrapper\">\n  <mat-sidenav-container fullscreen class=\"td-layout-nav-list\">\n    <mat-sidenav #sidenav\n                position=\"start\"\n                [mode]=\"mode\"\n                [opened]=\"opened\"\n                [disableClose]=\"disableClose\"\n                [style.max-width]=\"sidenavWidth\"\n                [style.min-width]=\"sidenavWidth\">\n      <mat-toolbar [color]=\"color\">\n        <ng-content select=\"[td-menu-button]\"></ng-content>\n        <span *ngIf=\"icon || logo || toolbarTitle\"\n              class=\"td-layout-nav-list-toolbar-content\"\n              [class.cursor-pointer]=\"routerEnabled\"\n              (click)=\"handleNavigationClick()\">\n          <mat-icon *ngIf=\"icon\">{{icon}}</mat-icon>\n          <mat-icon *ngIf=\"logo && !icon\" class=\"mat-icon-logo\" [svgIcon]=\"logo\"></mat-icon>\n          <span *ngIf=\"toolbarTitle\">{{toolbarTitle}}</span>\n        </span>\n        <ng-content select=\"[td-sidenav-toolbar-content]\"></ng-content>\n      </mat-toolbar>\n      <div class=\"td-layout-nav-list-content\" cdkScrollable>\n        <ng-content select=\"[td-sidenav-content]\"></ng-content>\n      </div>\n    </mat-sidenav>\n    <div class=\"td-layout-nav-list-main\">\n      <mat-toolbar [color]=\"color\">\n        <ng-content select=\"[td-toolbar-content]\"></ng-content>\n      </mat-toolbar>\n      <div class=\"td-layout-nav-list-content\" cdkScrollable>\n        <ng-content></ng-content>\n      </div>\n      <ng-content select=\"td-layout-footer-inner\"></ng-content>\n    </div>\n  </mat-sidenav-container>\n</div>\n<ng-content select=\"td-layout-footer\"></ng-content>"}]}],"members":{"sidenav":[{"__symbolic":"property","decorators":[{"__symbolic":"call","expression":{"__symbolic":"reference","module":"@angular/core","name":"ViewChild","line":161,"character":3},"arguments":[{"__symbolic":"reference","module":"@angular/material/sidenav","name":"MatSidenav","line":161,"character":13}]}]}],"toolbarTitle":[{"__symbolic":"property","decorators":[{"__symbolic":"call","expression":{"__symbolic":"reference","module":"@angular/core","name":"Input","line":168,"character":3},"arguments":["toolbarTitle"]}]}],"icon":[{"__symbolic":"property","decorators":[{"__symbolic":"call","expression":{"__symbolic":"reference","module":"@angular/core","name":"Input","line":174,"character":3},"arguments":["icon"]}]}],"logo":[{"__symbolic":"property","decorators":[{"__symbolic":"call","expression":{"__symbolic":"reference","module":"@angular/core","name":"Input","line":182,"character":3},"arguments":["logo"]}]}],"color":[{"__symbolic":"property","decorators":[{"__symbolic":"call","expression":{"__symbolic":"reference","module":"@angular/core","name":"Input","line":190,"character":3},"arguments":["color"]}]}],"mode":[{"__symbolic":"property","decorators":[{"__symbolic":"call","expression":{"__symbolic":"reference","module":"@angular/core","name":"Input","line":201,"character":3},"arguments":["mode"]}]}],"opened":[{"__symbolic":"property","decorators":[{"__symbolic":"call","expression":{"__symbolic":"reference","module":"@angular/core","name":"Input","line":212,"character":3},"arguments":["opened"]}]}],"sidenavWidth":[{"__symbolic":"property","decorators":[{"__symbolic":"call","expression":{"__symbolic":"reference","module":"@angular/core","name":"Input","line":222,"character":3},"arguments":["sidenavWidth"]}]}],"navigationRoute":[{"__symbolic":"property","decorators":[{"__symbolic":"call","expression":{"__symbolic":"reference","module":"@angular/core","name":"Input","line":229,"character":3},"arguments":["navigationRoute"]}]}],"__ctor__":[{"__symbolic":"constructor","parameterDecorators":[[{"__symbolic":"call","expression":{"__symbolic":"reference","module":"@angular/core","name":"Optional","line":246,"character":15}}]],"parameters":[{"__symbolic":"reference","module":"@angular/router","name":"Router","line":246,"character":43}]}],"handleNavigationClick":[{"__symbolic":"method"}],"toggle":[{"__symbolic":"method"}],"open":[{"__symbolic":"method"}],"close":[{"__symbolic":"method"}]}},"TdLayoutNavListToggleDirective":{"__symbolic":"class","extends":{"__symbolic":"reference","name":"LayoutToggle"},"decorators":[{"__symbolic":"call","expression":{"__symbolic":"reference","module":"@angular/core","name":"Directive","line":4,"character":1},"arguments":[{"selector":"[tdLayoutNavListToggle]"}]}],"members":{"tdLayoutNavListToggle":[{"__symbolic":"property","decorators":[{"__symbolic":"call","expression":{"__symbolic":"reference","module":"@angular/core","name":"Input","line":9,"character":3},"arguments":["tdLayoutNavListToggle"]}]}],"__ctor__":[{"__symbolic":"constructor","parameterDecorators":[[{"__symbolic":"call","expression":{"__symbolic":"reference","module":"@angular/core","name":"Inject","line":14,"character":15},"arguments":[{"__symbolic":"reference","name":"TdLayoutNavListComponent"}]}],null,null],"parameters":[{"__symbolic":"reference","name":"TdLayoutNavListComponent"},{"__symbolic":"reference","module":"@angular/core","name":"Renderer2","line":15,"character":24},{"__symbolic":"reference","module":"@angular/core","name":"ElementRef","line":16,"character":26}]}],"onClick":[{"__symbolic":"method"}]}},"TdLayoutNavListCloseDirective":{"__symbolic":"class","extends":{"__symbolic":"reference","name":"LayoutToggle"},"decorators":[{"__symbolic":"call","expression":{"__symbolic":"reference","module":"@angular/core","name":"Directive","line":25,"character":1},"arguments":[{"selector":"[tdLayoutNavListClose]"}]}],"members":{"tdLayoutNavListClose":[{"__symbolic":"property","decorators":[{"__symbolic":"call","expression":{"__symbolic":"reference","module":"@angular/core","name":"Input","line":30,"character":3},"arguments":["tdLayoutNavListClose"]}]}],"__ctor__":[{"__symbolic":"constructor","parameterDecorators":[[{"__symbolic":"call","expression":{"__symbolic":"reference","module":"@angular/core","name":"Inject","line":35,"character":15},"arguments":[{"__symbolic":"reference","name":"TdLayoutNavListComponent"}]}],null,null],"parameters":[{"__symbolic":"reference","name":"TdLayoutNavListComponent"},{"__symbolic":"reference","module":"@angular/core","name":"Renderer2","line":15,"character":24},{"__symbolic":"reference","module":"@angular/core","name":"ElementRef","line":16,"character":26}]}],"onClick":[{"__symbolic":"method"}]}},"TdLayoutNavListOpenDirective":{"__symbolic":"class","extends":{"__symbolic":"reference","name":"LayoutToggle"},"decorators":[{"__symbolic":"call","expression":{"__symbolic":"reference","module":"@angular/core","name":"Directive","line":46,"character":1},"arguments":[{"selector":"[tdLayoutNavListOpen]"}]}],"members":{"tdLayoutNavListOpen":[{"__symbolic":"property","decorators":[{"__symbolic":"call","expression":{"__symbolic":"reference","module":"@angular/core","name":"Input","line":51,"character":3},"arguments":["tdLayoutNavListOpen"]}]}],"__ctor__":[{"__symbolic":"constructor","parameterDecorators":[[{"__symbolic":"call","expression":{"__symbolic":"reference","module":"@angular/core","name":"Inject","line":56,"character":15},"arguments":[{"__symbolic":"reference","name":"TdLayoutNavListComponent"}]}],null,null],"parameters":[{"__symbolic":"reference","name":"TdLayoutNavListComponent"},{"__symbolic":"reference","module":"@angular/core","name":"Renderer2","line":15,"character":24},{"__symbolic":"reference","module":"@angular/core","name":"ElementRef","line":16,"character":26}]}],"onClick":[{"__symbolic":"method"}]}},"TdNavigationDrawerMenuDirective":{"__symbolic":"class","decorators":[{"__symbolic":"call","expression":{"__symbolic":"reference","module":"@angular/core","name":"Directive","line":10,"character":1},"arguments":[{"selector":"[td-navigation-drawer-menu]"}]}],"members":{}},"TdNavigationDrawerToolbarDirective":{"__symbolic":"class","decorators":[{"__symbolic":"call","expression":{"__symbolic":"reference","module":"@angular/core","name":"Directive","line":17,"character":1},"arguments":[{"selector":"[td-navigation-drawer-toolbar]"}]}],"members":{}},"TdNavigationDrawerComponent":{"__symbolic":"class","decorators":[{"__symbolic":"call","expression":{"__symbolic":"reference","module":"@angular/core","name":"Component","line":24,"character":1},"arguments":[{"selector":"td-navigation-drawer","styles":[":host{\n  width:100%; }\n  :host .td-navigation-drawer-content.ng-animating,\n  :host .td-navigation-drawer-menu-content.ng-animating{\n    overflow:hidden; }\n  :host mat-toolbar{\n    padding:16px; }\n    :host mat-toolbar.td-toolbar-background{\n      background-repeat:no-repeat;\n      background-size:cover; }\n    :host mat-toolbar.td-nagivation-drawer-toolbar{\n      -webkit-box-orient:vertical;\n      -webkit-box-direction:normal;\n          -ms-flex-direction:column;\n              flex-direction:column;\n      height:auto !important;\n      display:block !important; }\n    :host mat-toolbar .td-navigation-drawer-toolbar-content{\n      -webkit-box-orient:horizontal;\n      -webkit-box-direction:normal;\n          -ms-flex-direction:row;\n              flex-direction:row;\n      -webkit-box-sizing:border-box;\n              box-sizing:border-box;\n      display:-webkit-box;\n      display:-ms-flexbox;\n      display:flex;\n      -webkit-box-align:center;\n          -ms-flex-align:center;\n              align-items:center;\n      -ms-flex-line-pack:center;\n          align-content:center;\n      max-width:100%;\n      -webkit-box-pack:start;\n          -ms-flex-pack:start;\n              justify-content:start; }\n    :host mat-toolbar .td-navigation-drawer-menu-toggle{\n      -webkit-box-orient:horizontal;\n      -webkit-box-direction:normal;\n          -ms-flex-direction:row;\n              flex-direction:row;\n      -webkit-box-sizing:border-box;\n              box-sizing:border-box;\n      display:-webkit-box;\n      display:-ms-flexbox;\n      display:flex; }\n      :host mat-toolbar .td-navigation-drawer-menu-toggle .td-navigation-drawer-label{\n        -webkit-box-flex:1;\n            -ms-flex:1;\n                flex:1; }\n      :host mat-toolbar .td-navigation-drawer-menu-toggle .td-navigation-drawer-menu-button{\n        height:24px;\n        line-height:24px;\n        width:24px; }\n  :host > div{\n    overflow:hidden; }\n"],"template":"<mat-toolbar [color]=\"color\"\n             [style.background-image]=\"backgroundImage\"\n             [class.td-toolbar-background]=\"!!isBackgroundAvailable\"\n             class=\"td-nagivation-drawer-toolbar\">\n  <ng-content select=\"[td-navigation-drawer-toolbar]\"></ng-content>\n  <ng-container *ngIf=\"!isCustomToolbar\">\n    <div *ngIf=\"icon || logo || sidenavTitle\"\n          class=\"td-navigation-drawer-toolbar-content\"\n          [class.cursor-pointer]=\"routerEnabled\"\n          (click)=\"handleNavigationClick()\">\n      <mat-icon *ngIf=\"icon\">{{icon}}</mat-icon>\n      <mat-icon *ngIf=\"logo && !icon\" class=\"mat-icon-logo\" [svgIcon]=\"logo\"></mat-icon>\n      <span *ngIf=\"sidenavTitle\" class=\"td-navigation-drawer-title\">{{sidenavTitle}}</span>\n    </div>\n    <div class=\"td-navigation-drawer-name\" *ngIf=\"email && name\">{{name}}</div>\n    <div class=\"td-navigation-drawer-menu-toggle\"\n        href\n        *ngIf=\"email || name\"\n        (click)=\"toggleMenu()\">\n      <span class=\"td-navigation-drawer-label\">{{email || name}}</span>\n      <button mat-icon-button class=\"td-navigation-drawer-menu-button\" *ngIf=\"isMenuAvailable\">\n        <mat-icon *ngIf=\"!menuToggled\">arrow_drop_down</mat-icon>\n        <mat-icon *ngIf=\"menuToggled\">arrow_drop_up</mat-icon>\n      </button>\n    </div>\n  </ng-container>\n</mat-toolbar>\n<div class=\"td-navigation-drawer-content\" [@tdCollapse]=\"menuToggled\">\n  <ng-content></ng-content>\n</div>\n<div class=\"td-navigation-drawer-menu-content\" [@tdCollapse]=\"!menuToggled\">\n  <ng-content select=\"[td-navigation-drawer-menu]\"></ng-content>\n</div>\n","animations":[{"__symbolic":"call","expression":{"__symbolic":"reference","module":"@covalent/core/common","name":"TdCollapseAnimation","line":117,"character":16}}]}]}],"members":{"_drawerMenu":[{"__symbolic":"property","decorators":[{"__symbolic":"call","expression":{"__symbolic":"reference","module":"@angular/core","name":"ContentChildren","line":129,"character":3},"arguments":[{"__symbolic":"reference","name":"TdNavigationDrawerMenuDirective"}]}]}],"_toolbar":[{"__symbolic":"property","decorators":[{"__symbolic":"call","expression":{"__symbolic":"reference","module":"@angular/core","name":"ContentChildren","line":131,"character":3},"arguments":[{"__symbolic":"reference","name":"TdNavigationDrawerToolbarDirective"}]}]}],"sidenavTitle":[{"__symbolic":"property","decorators":[{"__symbolic":"call","expression":{"__symbolic":"reference","module":"@angular/core","name":"Input","line":158,"character":3},"arguments":["sidenavTitle"]}]}],"icon":[{"__symbolic":"property","decorators":[{"__symbolic":"call","expression":{"__symbolic":"reference","module":"@angular/core","name":"Input","line":165,"character":3},"arguments":["icon"]}]}],"logo":[{"__symbolic":"property","decorators":[{"__symbolic":"call","expression":{"__symbolic":"reference","module":"@angular/core","name":"Input","line":173,"character":3},"arguments":["logo"]}]}],"color":[{"__symbolic":"property","decorators":[{"__symbolic":"call","expression":{"__symbolic":"reference","module":"@angular/core","name":"Input","line":181,"character":3},"arguments":["color"]}]}],"navigationRoute":[{"__symbolic":"property","decorators":[{"__symbolic":"call","expression":{"__symbolic":"reference","module":"@angular/core","name":"Input","line":188,"character":3},"arguments":["navigationRoute"]}]}],"backgroundUrl":[{"__symbolic":"property","decorators":[{"__symbolic":"call","expression":{"__symbolic":"reference","module":"@angular/core","name":"Input","line":196,"character":3},"arguments":["backgroundUrl"]}]}],"name":[{"__symbolic":"property","decorators":[{"__symbolic":"call","expression":{"__symbolic":"reference","module":"@angular/core","name":"Input","line":215,"character":3},"arguments":["name"]}]}],"email":[{"__symbolic":"property","decorators":[{"__symbolic":"call","expression":{"__symbolic":"reference","module":"@angular/core","name":"Input","line":223,"character":3},"arguments":["email"]}]}],"__ctor__":[{"__symbolic":"constructor","parameterDecorators":[[{"__symbolic":"call","expression":{"__symbolic":"reference","module":"@angular/core","name":"Inject","line":232,"character":15},"arguments":[{"__symbolic":"reference","name":"TdLayoutComponent"}]}],[{"__symbolic":"call","expression":{"__symbolic":"reference","module":"@angular/core","name":"Optional","line":233,"character":15}}],null],"parameters":[{"__symbolic":"reference","name":"TdLayoutComponent"},{"__symbolic":"reference","module":"@angular/router","name":"Router","line":233,"character":43},{"__symbolic":"reference","module":"@angular/platform-browser","name":"DomSanitizer","line":234,"character":33}]}],"ngOnInit":[{"__symbolic":"method"}],"ngOnDestroy":[{"__symbolic":"method"}],"toggleMenu":[{"__symbolic":"method"}],"handleNavigationClick":[{"__symbolic":"method"}],"toggle":[{"__symbolic":"method"}],"open":[{"__symbolic":"method"}],"close":[{"__symbolic":"method"}]}}},"origins":{"CovalentLayoutModule":"./layout.module","TdLayoutComponent":"./layout.component","TdLayoutToggleDirective":"./layout.directives","TdLayoutCloseDirective":"./layout.directives","TdLayoutOpenDirective":"./layout.directives","ILayoutTogglable":"./layout-toggle.class","LayoutToggleBase":"./layout-toggle.class","_TdLayoutToggleMixinBase":"./layout-toggle.class","LayoutToggle":"./layout-toggle.class","TdLayoutCardOverComponent":"./layout-card-over/layout-card-over.component","TdLayoutFooterComponent":"./layout-footer/layout-footer.component","TdLayoutManageListComponent":"./layout-manage-list/layout-manage-list.component","TdLayoutManageListToggleDirective":"./layout-manage-list/layout-manage-list.directives","TdLayoutManageListCloseDirective":"./layout-manage-list/layout-manage-list.directives","TdLayoutManageListOpenDirective":"./layout-manage-list/layout-manage-list.directives","TdLayoutNavComponent":"./layout-nav/layout-nav.component","TdLayoutNavListComponent":"./layout-nav-list/layout-nav-list.component","TdLayoutNavListToggleDirective":"./layout-nav-list/layout-nav-list.directives","TdLayoutNavListCloseDirective":"./layout-nav-list/layout-nav-list.directives","TdLayoutNavListOpenDirective":"./layout-nav-list/layout-nav-list.directives","TdNavigationDrawerMenuDirective":"./navigation-drawer/navigation-drawer.component","TdNavigationDrawerToolbarDirective":"./navigation-drawer/navigation-drawer.component","TdNavigationDrawerComponent":"./navigation-drawer/navigation-drawer.component"},"importAs":"@covalent/core/layout"}