{"__symbolic":"module","version":4,"metadata":{"CovalentNotificationsModule":{"__symbolic":"class","decorators":[{"__symbolic":"call","expression":{"__symbolic":"reference","module":"@angular/core","name":"NgModule","line":11,"character":1},"arguments":[{"imports":[{"__symbolic":"reference","module":"@angular/common","name":"CommonModule","line":13,"character":4}],"declarations":[[{"__symbolic":"reference","name":"TdNotificationCountComponent"}]],"exports":[[{"__symbolic":"reference","name":"TdNotificationCountComponent"}]]}]}],"members":{}},"TdNotificationCountPositionY":{"Top":"top","Bottom":"bottom","Center":"center"},"TdNotificationCountPositionX":{"Before":"before","After":"after","Center":"center"},"TdNotificationCountComponent":{"__symbolic":"class","decorators":[{"__symbolic":"call","expression":{"__symbolic":"reference","module":"@angular/core","name":"Component","line":15,"character":1},"arguments":[{"selector":"td-notification-count","styles":[":host{\n  position:relative;\n  display:block;\n  text-align:center;\n  min-width:40px;\n  height:40px; }\n  :host.td-notification-hidden{\n    min-width:0; }\n\n.td-notification-count{\n  line-height:21px;\n  width:20px;\n  height:20px;\n  position:absolute;\n  font-size:10px;\n  font-weight:600;\n  border-radius:50%;\n  z-index:1; }\n  .td-notification-count.td-notification-center-x{\n    margin-left:auto;\n    margin-right:auto;\n    left:0;\n    right:0; }\n  .td-notification-count.td-notification-center-y{\n    margin-top:auto;\n    margin-bottom:auto;\n    top:0;\n    bottom:0; }\n  .td-notification-count.td-notification-top{\n    top:0; }\n  .td-notification-count.td-notification-bottom{\n    bottom:0; }\n  .td-notification-count.td-notification-before{\n    left:0; }\n  .td-notification-count.td-notification-after{\n    right:0; }\n  .td-notification-count.td-notification-no-count{\n    width:8px;\n    height:8px; }\n    .td-notification-count.td-notification-no-count.td-notification-top{\n      top:8px; }\n    .td-notification-count.td-notification-no-count.td-notification-bottom{\n      bottom:8px; }\n    .td-notification-count.td-notification-no-count.td-notification-before{\n      left:8px; }\n    .td-notification-count.td-notification-no-count.td-notification-after{\n      right:8px; }\n  ::ng-deep [dir='rtl'] .td-notification-count.td-notification-before{\n    right:0;\n    left:auto; }\n  ::ng-deep [dir='rtl'] .td-notification-count.td-notification-after{\n    left:0;\n    right:auto; }\n  ::ng-deep [dir='rtl'] .td-notification-count.td-notification-no-count.td-notification-before{\n    right:8px;\n    left:auto; }\n  ::ng-deep [dir='rtl'] .td-notification-count.td-notification-no-count.td-notification-after{\n    left:8px;\n    right:auto; }\n\n.td-notification-content, .td-notification-content ::ng-deep > *{\n  line-height:40px; }\n"],"template":"<div #content class=\"td-notification-content\">\n  <ng-content></ng-content>\n</div>\n<div *ngIf=\"show\"\n     class=\"td-notification-count mat-{{color}}\"\n     [class.td-notification-top]=\"positionY === 'top'\"\n     [class.td-notification-bottom]=\"positionY === 'bottom'\"\n     [class.td-notification-before]=\"positionX === 'before'\"\n     [class.td-notification-after]=\"positionX === 'after'\"\n     [class.td-notification-center-y]=\"positionY === 'center'\"\n     [class.td-notification-center-x]=\"positionX === 'center'\"\n     [class.td-notification-no-count]=\"noCount\">\n  {{noCount ? '' : notificationsDisplay}}\n</div>","changeDetection":{"__symbolic":"select","expression":{"__symbolic":"reference","module":"@angular/core","name":"ChangeDetectionStrategy","line":94,"character":19},"member":"OnPush"}}]}],"members":{"content":[{"__symbolic":"property","decorators":[{"__symbolic":"call","expression":{"__symbolic":"reference","module":"@angular/core","name":"ViewChild","line":105,"character":3},"arguments":["content"]}]}],"color":[{"__symbolic":"property","decorators":[{"__symbolic":"call","expression":{"__symbolic":"reference","module":"@angular/core","name":"Input","line":111,"character":3}}]}],"positionX":[{"__symbolic":"property","decorators":[{"__symbolic":"call","expression":{"__symbolic":"reference","module":"@angular/core","name":"Input","line":118,"character":3}}]}],"positionY":[{"__symbolic":"property","decorators":[{"__symbolic":"call","expression":{"__symbolic":"reference","module":"@angular/core","name":"Input","line":131,"character":3}}]}],"notifications":[{"__symbolic":"property","decorators":[{"__symbolic":"call","expression":{"__symbolic":"reference","module":"@angular/core","name":"Input","line":143,"character":3}}]}],"hideHost":[{"__symbolic":"property","decorators":[{"__symbolic":"call","expression":{"__symbolic":"reference","module":"@angular/core","name":"HostBinding","line":148,"character":3},"arguments":["class.td-notification-hidden"]}]}],"ngAfterContentInit":[{"__symbolic":"method"}],"_hasContent":[{"__symbolic":"method"}]}}},"origins":{"CovalentNotificationsModule":"./notifications.module","TdNotificationCountPositionY":"./notification-count.component","TdNotificationCountPositionX":"./notification-count.component","TdNotificationCountComponent":"./notification-count.component"},"importAs":"@covalent/core/notifications"}