{"__symbolic":"module","version":4,"metadata":{"CovalentMessageModule":{"__symbolic":"class","decorators":[{"__symbolic":"call","expression":{"__symbolic":"reference","module":"@angular/core","name":"NgModule","line":13,"character":1},"arguments":[{"imports":[{"__symbolic":"reference","module":"@angular/common","name":"CommonModule","line":15,"character":4},{"__symbolic":"reference","module":"@angular/material/icon","name":"MatIconModule","line":16,"character":4}],"declarations":[[{"__symbolic":"reference","name":"TdMessageComponent"},{"__symbolic":"reference","name":"TdMessageContainerDirective"}]],"exports":[[{"__symbolic":"reference","name":"TdMessageComponent"},{"__symbolic":"reference","name":"TdMessageContainerDirective"}]]}]}],"members":{}},"TdMessageContainerDirective":{"__symbolic":"class","decorators":[{"__symbolic":"call","expression":{"__symbolic":"reference","module":"@angular/core","name":"Directive","line":5,"character":1},"arguments":[{"selector":"[tdMessageContainer]"}]}],"members":{"__ctor__":[{"__symbolic":"constructor","parameters":[{"__symbolic":"reference","module":"@angular/core","name":"ViewContainerRef","line":9,"character":36}]}]}},"TdMessageComponent":{"__symbolic":"class","decorators":[{"__symbolic":"call","expression":{"__symbolic":"reference","module":"@angular/core","name":"Component","line":12,"character":1},"arguments":[{"selector":"td-message","template":"<div tdMessageContainer></div>\n<ng-template>\n  <div class=\"td-message-wrapper\">\n    <mat-icon class=\"td-message-icon\">{{icon}}</mat-icon>\n    <div class=\"td-message-labels\">\n      <div *ngIf=\"label\" class=\"td-message-label\">{{label}}</div>\n      <div *ngIf=\"sublabel\" class=\"td-message-sublabel\">{{sublabel}}</div>\n    </div>\n    <ng-content select=\"[td-message-actions]\"></ng-content>\n  </div>\n</ng-template>","styles":[":host{\n  display:block; }\n  :host .td-message-wrapper{\n    padding:8px 16px;\n    min-height:52px;\n    -webkit-box-sizing:border-box;\n            box-sizing:border-box;\n    display:-webkit-box;\n    display:-ms-flexbox;\n    display:flex;\n    -webkit-box-orient:horizontal;\n    -webkit-box-direction:normal;\n        -ms-flex-direction:row;\n            flex-direction:row;\n    -webkit-box-align:center;\n        -ms-flex-align:center;\n            align-items:center;\n    -ms-flex-line-pack:center;\n        align-content:center;\n    max-width:100%;\n    -webkit-box-pack:start;\n        -ms-flex-pack:start;\n            justify-content:start; }\n    :host .td-message-wrapper .td-message-labels{\n      -webkit-box-flex:1;\n          -ms-flex:1;\n              flex:1; }\n\n.td-message-icon{\n  margin-right:16px; }\n  ::ng-deep [dir='rtl'] .td-message-icon{\n    margin-left:16px;\n    margin-right:0; }\n"],"animations":[{"__symbolic":"call","expression":{"__symbolic":"reference","module":"@covalent/core/common","name":"TdCollapseAnimation","line":60,"character":4},"arguments":[{"duration":100}]}]}]}],"members":{"_childElement":[{"__symbolic":"property","decorators":[{"__symbolic":"call","expression":{"__symbolic":"reference","module":"@angular/core","name":"ViewChild","line":71,"character":3},"arguments":[{"__symbolic":"reference","name":"TdMessageContainerDirective"}]}]}],"_template":[{"__symbolic":"property","decorators":[{"__symbolic":"call","expression":{"__symbolic":"reference","module":"@angular/core","name":"ViewChild","line":72,"character":3},"arguments":[{"__symbolic":"reference","module":"@angular/core","name":"TemplateRef","line":72,"character":13}]}]}],"collapsedAnimation":[{"__symbolic":"property","decorators":[{"__symbolic":"call","expression":{"__symbolic":"reference","module":"@angular/core","name":"HostBinding","line":77,"character":3},"arguments":["@tdCollapse"]}]}],"hidden":[{"__symbolic":"property","decorators":[{"__symbolic":"call","expression":{"__symbolic":"reference","module":"@angular/core","name":"HostBinding","line":85,"character":3},"arguments":["style.display"]}]}],"label":[{"__symbolic":"property","decorators":[{"__symbolic":"call","expression":{"__symbolic":"reference","module":"@angular/core","name":"Input","line":95,"character":3},"arguments":["label"]}]}],"sublabel":[{"__symbolic":"property","decorators":[{"__symbolic":"call","expression":{"__symbolic":"reference","module":"@angular/core","name":"Input","line":102,"character":3},"arguments":["sublabel"]}]}],"icon":[{"__symbolic":"property","decorators":[{"__symbolic":"call","expression":{"__symbolic":"reference","module":"@angular/core","name":"Input","line":110,"character":3},"arguments":["icon"]}]}],"color":[{"__symbolic":"property","decorators":[{"__symbolic":"call","expression":{"__symbolic":"reference","module":"@angular/core","name":"Input","line":118,"character":3},"arguments":["color"]}]}],"opened":[{"__symbolic":"property","decorators":[{"__symbolic":"call","expression":{"__symbolic":"reference","module":"@angular/core","name":"Input","line":142,"character":3},"arguments":["opened"]}]}],"__ctor__":[{"__symbolic":"constructor","parameters":[{"__symbolic":"reference","module":"@angular/core","name":"Renderer2","line":158,"character":33},{"__symbolic":"reference","module":"@angular/core","name":"ChangeDetectorRef","line":159,"character":42},{"__symbolic":"reference","module":"@angular/core","name":"ElementRef","line":160,"character":35}]}],"animationDoneListener":[{"__symbolic":"method","decorators":[{"__symbolic":"call","expression":{"__symbolic":"reference","module":"@angular/core","name":"HostListener","line":168,"character":3},"arguments":["@tdCollapse.done"]}]}],"ngAfterViewInit":[{"__symbolic":"method"}],"open":[{"__symbolic":"method"}],"close":[{"__symbolic":"method"}],"toggle":[{"__symbolic":"method"}],"_startAnimationState":[{"__symbolic":"method"}],"_attach":[{"__symbolic":"method"}],"_detach":[{"__symbolic":"method"}]}}},"origins":{"CovalentMessageModule":"./message.module","TdMessageContainerDirective":"./message.component","TdMessageComponent":"./message.component"},"importAs":"@covalent/core/message"}