{"__symbolic":"module","version":4,"metadata":{"CovalentPagingModule":{"__symbolic":"class","decorators":[{"__symbolic":"call","expression":{"__symbolic":"reference","module":"@angular/core","name":"NgModule","line":9,"character":1},"arguments":[{"imports":[{"__symbolic":"reference","module":"@angular/common","name":"CommonModule","line":11,"character":4},{"__symbolic":"reference","module":"@angular/material/icon","name":"MatIconModule","line":12,"character":4},{"__symbolic":"reference","module":"@angular/material/button","name":"MatButtonModule","line":13,"character":4}],"declarations":[{"__symbolic":"reference","name":"TdPagingBarComponent"}],"exports":[{"__symbolic":"reference","name":"TdPagingBarComponent"}]}]}],"members":{}},"IPageChangeEvent":{"__symbolic":"interface"},"TdPagingBarComponent":{"__symbolic":"class","decorators":[{"__symbolic":"call","expression":{"__symbolic":"reference","module":"@angular/core","name":"Component","line":13,"character":1},"arguments":[{"changeDetection":{"__symbolic":"select","expression":{"__symbolic":"reference","module":"@angular/core","name":"ChangeDetectionStrategy","line":14,"character":19},"member":"OnPush"},"selector":"td-paging-bar","template":"<div class=\"td-paging-bar\" (change)=\"$event.stopPropagation()\" >\n  <ng-content></ng-content>\n  <div class=\"td-paging-bar-navigation\">\n    <button mat-icon-button class=\"td-paging-bar-first-page\" type=\"button\" *ngIf=\"firstLast\" [disabled]=\"isMinPage()\" (click)=\"firstPage()\">\n      <mat-icon>{{ isRTL ? 'skip_next' : 'skip_previous' }}</mat-icon>\n    </button>\n    <button mat-icon-button class=\"td-paging-bar-prev-page\" type=\"button\" [disabled]=\"isMinPage()\" (click)=\"prevPage()\">\n      <mat-icon>{{ isRTL ? 'navigate_next' : 'navigate_before' }}</mat-icon>\n    </button>\n    <ng-template *ngIf=\"pageLinkCount > 0\" let-link let-index=\"index\" ngFor [ngForOf]=\"pageLinks\">\n      <button class=\"td-paging-bar-link-page\" mat-icon-button type=\"button\" [color]=\"page === link ? 'accent' : ''\" (click)=\"navigateToPage(link)\">{{link}}</button>\n    </ng-template>\n    <button mat-icon-button class=\"td-paging-bar-next-page\" type=\"button\" [disabled]=\"isMaxPage()\" (click)=\"nextPage()\">\n      <mat-icon>{{ isRTL ? 'navigate_before' : 'navigate_next' }}</mat-icon>\n    </button>\n    <button mat-icon-button class=\"td-paging-bar-last-page\" type=\"button\" *ngIf=\"firstLast\" [disabled]=\"isMaxPage()\" (click)=\"lastPage()\">\n      <mat-icon>{{ isRTL ? 'skip_previous' : 'skip_next' }}</mat-icon>\n    </button>\n  </div>\n</div>","styles":[":host{\n  display:block; }\n  :host .td-paging-bar{\n    height:48px;\n    -webkit-box-sizing:border-box;\n            box-sizing:border-box;\n    display:-webkit-box;\n    display:-ms-flexbox;\n    display:flex;\n    -webkit-box-orient:horizontal;\n    -webkit-box-direction:normal;\n        -ms-flex-direction:row;\n            flex-direction:row;\n    -webkit-box-align:center;\n        -ms-flex-align:center;\n            align-items:center;\n    -ms-flex-line-pack:center;\n        align-content:center;\n    max-width:100%;\n    -webkit-box-pack:end;\n        -ms-flex-pack:end;\n            justify-content:flex-end; }\n    :host .td-paging-bar ::ng-deep > *{\n      margin:0 10px; }\n    :host .td-paging-bar [mat-icon-button]{\n      font-size:12px;\n      font-weight:normal; }\n"]}]}],"members":{"firstLast":[{"__symbolic":"property","decorators":[{"__symbolic":"call","expression":{"__symbolic":"reference","module":"@angular/core","name":"Input","line":84,"character":3},"arguments":["firstLast"]}]}],"initialPage":[{"__symbolic":"property","decorators":[{"__symbolic":"call","expression":{"__symbolic":"reference","module":"@angular/core","name":"Input","line":90,"character":3},"arguments":["initialPage"]}]}],"pageLinkCount":[{"__symbolic":"property","decorators":[{"__symbolic":"call","expression":{"__symbolic":"reference","module":"@angular/core","name":"Input","line":96,"character":3},"arguments":["pageLinkCount"]}]}],"pageSize":[{"__symbolic":"property","decorators":[{"__symbolic":"call","expression":{"__symbolic":"reference","module":"@angular/core","name":"Input","line":110,"character":3},"arguments":["pageSize"]}]}],"total":[{"__symbolic":"property","decorators":[{"__symbolic":"call","expression":{"__symbolic":"reference","module":"@angular/core","name":"Input","line":127,"character":3},"arguments":["total"]}]}],"onChange":[{"__symbolic":"property","decorators":[{"__symbolic":"call","expression":{"__symbolic":"reference","module":"@angular/core","name":"Output","line":175,"character":3},"arguments":["change"]}]}],"__ctor__":[{"__symbolic":"constructor","parameterDecorators":[[{"__symbolic":"call","expression":{"__symbolic":"reference","module":"@angular/core","name":"Optional","line":184,"character":15}}],null],"parameters":[{"__symbolic":"reference","module":"@angular/cdk/bidi","name":"Dir","line":184,"character":40},{"__symbolic":"reference","module":"@angular/core","name":"ChangeDetectorRef","line":185,"character":42}]}],"ngOnInit":[{"__symbolic":"method"}],"navigateToPage":[{"__symbolic":"method"}],"firstPage":[{"__symbolic":"method"}],"prevPage":[{"__symbolic":"method"}],"nextPage":[{"__symbolic":"method"}],"lastPage":[{"__symbolic":"method"}],"isMinPage":[{"__symbolic":"method"}],"isMaxPage":[{"__symbolic":"method"}],"_calculateRows":[{"__symbolic":"method"}],"_calculatePageLinks":[{"__symbolic":"method"}],"_handleOnChange":[{"__symbolic":"method"}]}}},"origins":{"CovalentPagingModule":"./paging.module","IPageChangeEvent":"./paging-bar.component","TdPagingBarComponent":"./paging-bar.component"},"importAs":"@covalent/core/paging"}