{"__symbolic":"module","version":4,"metadata":{"CovalentLoadingModule":{"__symbolic":"class","decorators":[{"__symbolic":"call","expression":{"__symbolic":"reference","module":"@angular/core","name":"NgModule","line":23,"character":1},"arguments":[{"imports":[{"__symbolic":"reference","module":"@angular/common","name":"CommonModule","line":25,"character":4},{"__symbolic":"reference","module":"@angular/material/progress-bar","name":"MatProgressBarModule","line":26,"character":4},{"__symbolic":"reference","module":"@angular/material/progress-spinner","name":"MatProgressSpinnerModule","line":27,"character":4},{"__symbolic":"reference","module":"@angular/cdk/overlay","name":"OverlayModule","line":28,"character":4},{"__symbolic":"reference","module":"@angular/cdk/portal","name":"PortalModule","line":29,"character":4}],"declarations":[[{"__symbolic":"reference","name":"TdLoadingComponent"},{"__symbolic":"reference","name":"TdLoadingDirective"}]],"exports":[[{"__symbolic":"reference","name":"TdLoadingComponent"},{"__symbolic":"reference","name":"TdLoadingDirective"}]],"providers":[{"__symbolic":"reference","name":"LOADING_FACTORY_PROVIDER"},{"__symbolic":"reference","name":"LOADING_PROVIDER"}],"entryComponents":[[{"__symbolic":"reference","name":"TdLoadingComponent"}]]}]}],"members":{}},"LoadingType":{"Circular":"circular","Linear":"linear"},"LoadingMode":{"Determinate":"determinate","Indeterminate":"indeterminate"},"LoadingStrategy":{"Overlay":"overlay","Replace":"replace"},"LoadingStyle":{"FullScreen":"fullscreen","Overlay":"overlay","None":"none"},"TD_CIRCLE_DIAMETER":100,"TdLoadingComponent":{"__symbolic":"class","decorators":[{"__symbolic":"call","expression":{"__symbolic":"reference","module":"@angular/core","name":"Component","line":31,"character":1},"arguments":[{"selector":"td-loading","styles":[".td-loading-wrapper{\n  position:relative;\n  display:block; }\n  .td-loading-wrapper.td-fullscreen{\n    position:inherit; }\n  .td-loading-wrapper .td-loading{\n    -webkit-box-sizing:border-box;\n            box-sizing:border-box;\n    display:-webkit-box;\n    display:-ms-flexbox;\n    display:flex;\n    -webkit-box-orient:horizontal;\n    -webkit-box-direction:normal;\n        -ms-flex-direction:row;\n            flex-direction:row;\n    -webkit-box-align:center;\n        -ms-flex-align:center;\n            align-items:center;\n    -ms-flex-line-pack:center;\n        align-content:center;\n    max-width:100%;\n    -webkit-box-pack:center;\n        -ms-flex-pack:center;\n            justify-content:center;\n    -webkit-box-flex:1;\n        -ms-flex:1;\n            flex:1; }\n  .td-loading-wrapper.td-overlay .td-loading{\n    position:absolute;\n    margin:0;\n    top:0;\n    left:0;\n    right:0;\n    z-index:1000; }\n    .td-loading-wrapper.td-overlay .td-loading mat-progress-bar{\n      position:absolute;\n      top:0;\n      left:0;\n      right:0; }\n  .td-loading-wrapper.td-overlay-circular .td-loading{\n    bottom:0; }\n"],"template":"<div class=\"td-loading-wrapper\"\n    [style.min-height]=\"getHeight()\"\n    [class.td-overlay-circular]=\"(isOverlay() || isFullScreen()) && !isLinear()\"\n    [class.td-overlay]=\"isOverlay() || isFullScreen()\" \n    [class.td-fullscreen]=\"isFullScreen()\">\n  <div [@tdFadeInOut]=\"animation\"\n     (@tdFadeInOut.done)=\"animationComplete($event)\"\n     [style.min-height]=\"getHeight()\"\n     class=\"td-loading\">\n    <mat-progress-spinner *ngIf=\"isCircular()\" \n                        [mode]=\"mode\"\n                        [value]=\"value\" \n                        [color]=\"color\" \n                        [diameter]=\"getCircleDiameter()\"\n                        [strokeWidth]=\"getCircleStrokeWidth()\">\n    </mat-progress-spinner>\n    <mat-progress-bar *ngIf=\"isLinear()\" \n                     [mode]=\"mode\"\n                     [value]=\"value\"\n                     [color]=\"color\">\n    </mat-progress-bar>\n  </div>\n  <ng-template [cdkPortalHost]=\"content\"></ng-template>\n</div>","animations":[{"__symbolic":"call","expression":{"__symbolic":"reference","module":"@covalent/core/common","name":"TdFadeInOutAnimation","line":100,"character":4}}]}]}],"members":{"__ctor__":[{"__symbolic":"constructor","parameters":[{"__symbolic":"reference","module":"@angular/core","name":"ElementRef","line":164,"character":35},{"__symbolic":"reference","module":"@angular/core","name":"ChangeDetectorRef","line":165,"character":42}]}],"ngDoCheck":[{"__symbolic":"method"}],"getHeight":[{"__symbolic":"method"}],"getCircleDiameter":[{"__symbolic":"method"}],"getCircleStrokeWidth":[{"__symbolic":"method"}],"isCircular":[{"__symbolic":"method"}],"isLinear":[{"__symbolic":"method"}],"isFullScreen":[{"__symbolic":"method"}],"isOverlay":[{"__symbolic":"method"}],"animationComplete":[{"__symbolic":"method"}],"inAnimationCompleted":[{"__symbolic":"method"}],"outAnimationCompleted":[{"__symbolic":"method"}],"startInAnimation":[{"__symbolic":"method"}],"startOutAnimation":[{"__symbolic":"method"}],"_setCircleDiameter":[{"__symbolic":"method"}],"_hostHeight":[{"__symbolic":"method"}]}},"TdLoadingContext":{"__symbolic":"class","members":{}},"TdLoadingDirective":{"__symbolic":"class","decorators":[{"__symbolic":"call","expression":{"__symbolic":"reference","module":"@angular/core","name":"Directive","line":18,"character":1},"arguments":[{"selector":"[tdLoading]"}]}],"members":{"name":[{"__symbolic":"property","decorators":[{"__symbolic":"call","expression":{"__symbolic":"reference","module":"@angular/core","name":"Input","line":34,"character":3},"arguments":["tdLoading"]}]}],"until":[{"__symbolic":"property","decorators":[{"__symbolic":"call","expression":{"__symbolic":"reference","module":"@angular/core","name":"Input","line":49,"character":3},"arguments":["tdLoadingUntil"]}]}],"type":[{"__symbolic":"property","decorators":[{"__symbolic":"call","expression":{"__symbolic":"reference","module":"@angular/core","name":"Input","line":67,"character":3},"arguments":["tdLoadingType"]}]}],"mode":[{"__symbolic":"property","decorators":[{"__symbolic":"call","expression":{"__symbolic":"reference","module":"@angular/core","name":"Input","line":84,"character":3},"arguments":["tdLoadingMode"]}]}],"strategy":[{"__symbolic":"property","decorators":[{"__symbolic":"call","expression":{"__symbolic":"reference","module":"@angular/core","name":"Input","line":101,"character":3},"arguments":["tdLoadingStrategy"]}]}],"color":[{"__symbolic":"property","decorators":[{"__symbolic":"call","expression":{"__symbolic":"reference","module":"@angular/core","name":"Input","line":117,"character":3},"arguments":["tdLoadingColor"]}]}],"__ctor__":[{"__symbolic":"constructor","parameters":[{"__symbolic":"reference","module":"@angular/core","name":"ViewContainerRef","line":119,"character":41},{"__symbolic":"reference","name":"TemplateRef","module":"@angular/core","arguments":[{"__symbolic":"reference","name":"TdLoadingContext"}]},{"__symbolic":"reference","name":"TdLoadingService"}]}],"ngOnInit":[{"__symbolic":"method"}],"ngOnDestroy":[{"__symbolic":"method"}],"_registerComponent":[{"__symbolic":"method"}]}},"ITdLoadingConfig":{"__symbolic":"interface"},"TdLoadingConfig":{"__symbolic":"class","members":{"__ctor__":[{"__symbolic":"constructor","parameters":[{"__symbolic":"reference","name":"any"}]}]}},"ITdLoadingDirectiveConfig":{"__symbolic":"interface"},"TdLoadingDirectiveConfig":{"__symbolic":"class","extends":{"__symbolic":"reference","name":"TdLoadingConfig"},"members":{"__ctor__":[{"__symbolic":"constructor","parameters":[{"__symbolic":"reference","name":"any"}]}]}},"TdLoadingService":{"__symbolic":"class","decorators":[{"__symbolic":"call","expression":{"__symbolic":"reference","module":"@angular/core","name":"Injectable","line":50,"character":1}}],"members":{"__ctor__":[{"__symbolic":"constructor","parameters":[{"__symbolic":"reference","name":"TdLoadingFactory"}]}],"createComponent":[{"__symbolic":"method"}],"create":[{"__symbolic":"method"}],"removeComponent":[{"__symbolic":"method"}],"register":[{"__symbolic":"method"}],"resolve":[{"__symbolic":"method"}],"resolveAll":[{"__symbolic":"method"}],"setValue":[{"__symbolic":"method"}],"_clearTimeout":[{"__symbolic":"method"}]}},"LOADING_PROVIDER_FACTORY":{"__symbolic":"function","parameters":["parent","loadingFactory"],"value":{"__symbolic":"binop","operator":"||","left":{"__symbolic":"reference","name":"parent"},"right":{"__symbolic":"new","expression":{"__symbolic":"reference","name":"TdLoadingService"},"arguments":[{"__symbolic":"reference","name":"loadingFactory"}]}}},"LOADING_PROVIDER":{"provide":{"__symbolic":"reference","name":"TdLoadingService"},"deps":[[{"__symbolic":"new","expression":{"__symbolic":"reference","module":"@angular/core","name":"Optional","line":241,"character":14}},{"__symbolic":"new","expression":{"__symbolic":"reference","module":"@angular/core","name":"SkipSelf","line":241,"character":30}},{"__symbolic":"reference","name":"TdLoadingService"}],{"__symbolic":"reference","name":"TdLoadingFactory"}],"useFactory":{"__symbolic":"reference","name":"LOADING_PROVIDER_FACTORY"}},"IInternalLoadingOptions":{"__symbolic":"interface"},"ILoadingRef":{"__symbolic":"interface"},"TdLoadingFactory":{"__symbolic":"class","decorators":[{"__symbolic":"call","expression":{"__symbolic":"reference","module":"@angular/core","name":"Injectable","line":27,"character":1}}],"members":{"__ctor__":[{"__symbolic":"constructor","parameters":[{"__symbolic":"reference","module":"@angular/core","name":"ComponentFactoryResolver","line":30,"character":49},{"__symbolic":"reference","module":"@angular/cdk/overlay","name":"Overlay","line":31,"character":32},{"__symbolic":"reference","module":"@angular/core","name":"Injector","line":32,"character":33}]}],"createFullScreenComponent":[{"__symbolic":"method"}],"createOverlayComponent":[{"__symbolic":"method"}],"createReplaceComponent":[{"__symbolic":"method"}],"_createOverlay":[{"__symbolic":"method"}],"_createComponent":[{"__symbolic":"method"}],"_initializeContext":[{"__symbolic":"method"}],"_mapOptions":[{"__symbolic":"method"}]}},"LOADING_FACTORY_PROVIDER_FACTORY":{"__symbolic":"function","parameters":["parent","componentFactoryResolver","overlay","injector"],"value":{"__symbolic":"binop","operator":"||","left":{"__symbolic":"reference","name":"parent"},"right":{"__symbolic":"new","expression":{"__symbolic":"reference","name":"TdLoadingFactory"},"arguments":[{"__symbolic":"reference","name":"componentFactoryResolver"},{"__symbolic":"reference","name":"overlay"},{"__symbolic":"reference","name":"injector"}]}}},"LOADING_FACTORY_PROVIDER":{"provide":{"__symbolic":"reference","name":"TdLoadingFactory"},"deps":[[{"__symbolic":"new","expression":{"__symbolic":"reference","module":"@angular/core","name":"Optional","line":204,"character":14}},{"__symbolic":"new","expression":{"__symbolic":"reference","module":"@angular/core","name":"SkipSelf","line":204,"character":30}},{"__symbolic":"reference","name":"TdLoadingFactory"}],{"__symbolic":"reference","module":"@angular/core","name":"ComponentFactoryResolver","line":30,"character":49},{"__symbolic":"reference","module":"@angular/cdk/overlay","name":"Overlay","line":31,"character":32},{"__symbolic":"reference","module":"@angular/core","name":"Injector","line":32,"character":33}],"useFactory":{"__symbolic":"reference","name":"LOADING_FACTORY_PROVIDER_FACTORY"}}},"origins":{"CovalentLoadingModule":"./loading.module","LoadingType":"./loading.component","LoadingMode":"./loading.component","LoadingStrategy":"./loading.component","LoadingStyle":"./loading.component","TD_CIRCLE_DIAMETER":"./loading.component","TdLoadingComponent":"./loading.component","TdLoadingContext":"./directives/loading.directive","TdLoadingDirective":"./directives/loading.directive","ITdLoadingConfig":"./services/loading.service","TdLoadingConfig":"./services/loading.service","ITdLoadingDirectiveConfig":"./services/loading.service","TdLoadingDirectiveConfig":"./services/loading.service","TdLoadingService":"./services/loading.service","LOADING_PROVIDER_FACTORY":"./services/loading.service","LOADING_PROVIDER":"./services/loading.service","IInternalLoadingOptions":"./services/loading.factory","ILoadingRef":"./services/loading.factory","TdLoadingFactory":"./services/loading.factory","LOADING_FACTORY_PROVIDER_FACTORY":"./services/loading.factory","LOADING_FACTORY_PROVIDER":"./services/loading.factory"},"importAs":"@covalent/core/loading"}