[{"__symbolic":"module","version":3,"metadata":{"MultiselectDropdown":{"__symbolic":"class","decorators":[{"__symbolic":"call","expression":{"__symbolic":"reference","module":"@angular/core","name":"Component"},"arguments":[{"selector":"ss-multiselect-dropdown","template":"<div class=\"dropdown\" [ngClass]=\"settings.containerClasses\" [class.open]=\"isVisible\"><button type=\"button\" class=\"dropdown-toggle\" [ngClass]=\"settings.buttonClasses\" (click)=\"toggleDropdown()\" [disabled]=\"disabled\">{{ title }}<span class=\"caret\"></span></button><ul #scroller *ngIf=\"isVisible\" class=\"dropdown-menu\" (scroll)=\"settings.isLazyLoad ? checkScrollPosition($event) : null\" (wheel)=\"settings.stopScrollPropagation ? checkScrollPropagation($event, scroller) : null\" [class.pull-right]=\"settings.pullRight\" [class.dropdown-menu-right]=\"settings.pullRight\" [style.max-height]=\"settings.maxHeight\" style=\"display: block; height: auto; overflow-y: auto\"><li class=\"dropdown-item search\" *ngIf=\"settings.enableSearch\"><div class=\"input-group input-group-sm\"><span class=\"input-group-addon\" id=\"sizing-addon3\"><i class=\"fa fa-search\"></i></span> <input type=\"text\" class=\"form-control\" placeholder=\"{{ texts.searchPlaceholder }}\" aria-describedby=\"sizing-addon3\" [formControl]=\"filterControl\" autofocus> <span class=\"input-group-btn\" *ngIf=\"filterControl.value.length > 0\"><button class=\"btn btn-default btn-secondary\" type=\"button\" (click)=\"clearSearch($event)\"><i class=\"fa fa-times\"></i></button></span></div></li><li class=\"dropdown-divider divider\" *ngIf=\"settings.enableSearch\"></li><li class=\"dropdown-item check-control check-control-check\" *ngIf=\"settings.showCheckAll && !disabledSelection\"><a href=\"javascript:;\" role=\"menuitem\" tabindex=\"-1\" (click)=\"checkAll()\"><span style=\"width: 16px\" [ngClass]=\"{'glyphicon glyphicon-ok': settings.checkedStyle !== 'fontawesome','fa fa-check': settings.checkedStyle === 'fontawesome'}\"></span> {{ texts.checkAll }}</a></li><li class=\"dropdown-item check-control check-control-uncheck\" *ngIf=\"settings.showUncheckAll && !disabledSelection\"><a href=\"javascript:;\" role=\"menuitem\" tabindex=\"-1\" (click)=\"uncheckAll()\"><span style=\"width: 16px\" [ngClass]=\"{'glyphicon glyphicon-remove': settings.checkedStyle !== 'fontawesome','fa fa-times': settings.checkedStyle === 'fontawesome'}\"></span> {{ texts.uncheckAll }}</a></li><li *ngIf=\"settings.showCheckAll || settings.showUncheckAll\" class=\"dropdown-divider divider\"></li><li *ngIf=\"!renderItems\" class=\"dropdown-item empty\">{{ texts.searchNoRenderText }}</li><li *ngIf=\"renderItems && !renderFilteredOptions.length\" class=\"dropdown-item empty\">{{ texts.searchEmptyResult }}</li><li class=\"dropdown-item\" *ngFor=\"let option of renderFilteredOptions\" (click)=\"setSelected($event, option)\" [ngStyle]=\"getItemStyle(option)\" [ngClass]=\"option.classes\" [class.dropdown-header]=\"option.isLabel\"><a *ngIf=\"!option.isLabel; else label\" href=\"javascript:;\" role=\"menuitem\" tabindex=\"-1\" [style.padding-left]=\"this.parents.length>0&&this.parents.indexOf(option.id)<0&&'30px'\" [ngStyle]=\"getItemStyleSelectionDisabled()\"><ng-container [ngSwitch]=\"settings.checkedStyle\"><input *ngSwitchCase=\"'checkboxes'\" type=\"checkbox\" [checked]=\"isSelected(option)\" (click)=\"preventCheckboxCheck($event, option)\" [disabled]=\"isCheckboxDisabled()\" [ngStyle]=\"getItemStyleSelectionDisabled()\" > <span *ngSwitchCase=\"'glyphicon'\" style=\"width: 16px\" class=\"glyphicon\" [class.glyphicon-ok]=\"isSelected(option)\"></span> <span *ngSwitchCase=\"'fontawesome'\" style=\"width: 16px;display: inline-block\"><i *ngIf=\"isSelected(option)\" class=\"fa fa-check\" aria-hidden=\"true\"></i></span></ng-container><span [ngClass]=\"settings.itemClasses\" [style.font-weight]=\"this.parents.indexOf(option.id)>=0?'bold':'normal'\">{{ option.name }}</span></a><ng-template #label>{{ option.name }}</ng-template></li></ul></div>","styles":["a {  outline: none !important;}.dropdown-inline {  display: inline-block;}.dropdown-toggle .caret {  margin-left: 4px;  white-space: nowrap;  display: inline-block;}"],"providers":[{"provide":{"__symbolic":"reference","module":"@angular/forms","name":"NG_VALUE_ACCESSOR"},"useExisting":{"__symbolic":"reference","name":"MultiselectDropdown"},"multi":true},{"__symbolic":"reference","module":"./search-filter.pipe","name":"MultiSelectSearchFilter"}]}]}],"members":{"options":[{"__symbolic":"property","decorators":[{"__symbolic":"call","expression":{"__symbolic":"reference","module":"@angular/core","name":"Input"}}]}],"settings":[{"__symbolic":"property","decorators":[{"__symbolic":"call","expression":{"__symbolic":"reference","module":"@angular/core","name":"Input"}}]}],"texts":[{"__symbolic":"property","decorators":[{"__symbolic":"call","expression":{"__symbolic":"reference","module":"@angular/core","name":"Input"}}]}],"disabled":[{"__symbolic":"property","decorators":[{"__symbolic":"call","expression":{"__symbolic":"reference","module":"@angular/core","name":"Input"}}]}],"disabledSelection":[{"__symbolic":"property","decorators":[{"__symbolic":"call","expression":{"__symbolic":"reference","module":"@angular/core","name":"Input"}}]}],"selectionLimitReached":[{"__symbolic":"property","decorators":[{"__symbolic":"call","expression":{"__symbolic":"reference","module":"@angular/core","name":"Output"}}]}],"dropdownClosed":[{"__symbolic":"property","decorators":[{"__symbolic":"call","expression":{"__symbolic":"reference","module":"@angular/core","name":"Output"}}]}],"dropdownOpened":[{"__symbolic":"property","decorators":[{"__symbolic":"call","expression":{"__symbolic":"reference","module":"@angular/core","name":"Output"}}]}],"onAdded":[{"__symbolic":"property","decorators":[{"__symbolic":"call","expression":{"__symbolic":"reference","module":"@angular/core","name":"Output"}}]}],"onRemoved":[{"__symbolic":"property","decorators":[{"__symbolic":"call","expression":{"__symbolic":"reference","module":"@angular/core","name":"Output"}}]}],"onLazyLoad":[{"__symbolic":"property","decorators":[{"__symbolic":"call","expression":{"__symbolic":"reference","module":"@angular/core","name":"Output"}}]}],"onFilter":[{"__symbolic":"property","decorators":[{"__symbolic":"call","expression":{"__symbolic":"reference","module":"@angular/core","name":"Output"}}]}],"onClick":[{"__symbolic":"method","decorators":[{"__symbolic":"call","expression":{"__symbolic":"reference","module":"@angular/core","name":"HostListener"},"arguments":["document: click",["$event.target"]]}]}],"__ctor__":[{"__symbolic":"constructor","parameters":[{"__symbolic":"reference","module":"@angular/core","name":"ElementRef"},{"__symbolic":"reference","module":"@angular/forms","name":"FormBuilder"},{"__symbolic":"reference","module":"./search-filter.pipe","name":"MultiSelectSearchFilter"},{"__symbolic":"reference","module":"@angular/core","name":"IterableDiffers"}]}],"getItemStyle":[{"__symbolic":"method"}],"getItemStyleSelectionDisabled":[{"__symbolic":"method"}],"ngOnInit":[{"__symbolic":"method"}],"ngOnChanges":[{"__symbolic":"method"}],"ngOnDestroy":[{"__symbolic":"method"}],"updateRenderItems":[{"__symbolic":"method"}],"applyFilters":[{"__symbolic":"method"}],"writeValue":[{"__symbolic":"method"}],"registerOnChange":[{"__symbolic":"method"}],"registerOnTouched":[{"__symbolic":"method"}],"setDisabledState":[{"__symbolic":"method"}],"ngDoCheck":[{"__symbolic":"method"}],"validate":[{"__symbolic":"method"}],"registerOnValidatorChange":[{"__symbolic":"method"}],"clearSearch":[{"__symbolic":"method"}],"toggleDropdown":[{"__symbolic":"method"}],"isSelected":[{"__symbolic":"method"}],"setSelected":[{"__symbolic":"method"}],"updateNumSelected":[{"__symbolic":"method"}],"updateTitle":[{"__symbolic":"method"}],"searchFilterApplied":[{"__symbolic":"method"}],"addChecks":[{"__symbolic":"method"}],"checkAll":[{"__symbolic":"method"}],"uncheckAll":[{"__symbolic":"method"}],"preventCheckboxCheck":[{"__symbolic":"method"}],"isCheckboxDisabled":[{"__symbolic":"method"}],"checkScrollPosition":[{"__symbolic":"method"}],"checkScrollPropagation":[{"__symbolic":"method"}],"load":[{"__symbolic":"method"}]}}}},{"__symbolic":"module","version":1,"metadata":{"MultiselectDropdown":{"__symbolic":"class","decorators":[{"__symbolic":"call","expression":{"__symbolic":"reference","module":"@angular/core","name":"Component"},"arguments":[{"selector":"ss-multiselect-dropdown","template":"<div class=\"dropdown\" [ngClass]=\"settings.containerClasses\" [class.open]=\"isVisible\"><button type=\"button\" class=\"dropdown-toggle\" [ngClass]=\"settings.buttonClasses\" (click)=\"toggleDropdown()\" [disabled]=\"disabled\">{{ title }}<span class=\"caret\"></span></button><ul #scroller *ngIf=\"isVisible\" class=\"dropdown-menu\" (scroll)=\"settings.isLazyLoad ? checkScrollPosition($event) : null\" (wheel)=\"settings.stopScrollPropagation ? checkScrollPropagation($event, scroller) : null\" [class.pull-right]=\"settings.pullRight\" [class.dropdown-menu-right]=\"settings.pullRight\" [style.max-height]=\"settings.maxHeight\" style=\"display: block; height: auto; overflow-y: auto\"><li class=\"dropdown-item search\" *ngIf=\"settings.enableSearch\"><div class=\"input-group input-group-sm\"><span class=\"input-group-addon\" id=\"sizing-addon3\"><i class=\"fa fa-search\"></i></span> <input type=\"text\" class=\"form-control\" placeholder=\"{{ texts.searchPlaceholder }}\" aria-describedby=\"sizing-addon3\" [formControl]=\"filterControl\" autofocus> <span class=\"input-group-btn\" *ngIf=\"filterControl.value.length > 0\"><button class=\"btn btn-default btn-secondary\" type=\"button\" (click)=\"clearSearch($event)\"><i class=\"fa fa-times\"></i></button></span></div></li><li class=\"dropdown-divider divider\" *ngIf=\"settings.enableSearch\"></li><li class=\"dropdown-item check-control check-control-check\" *ngIf=\"settings.showCheckAll && !disabledSelection\"><a href=\"javascript:;\" role=\"menuitem\" tabindex=\"-1\" (click)=\"checkAll()\"><span style=\"width: 16px\" [ngClass]=\"{'glyphicon glyphicon-ok': settings.checkedStyle !== 'fontawesome','fa fa-check': settings.checkedStyle === 'fontawesome'}\"></span> {{ texts.checkAll }}</a></li><li class=\"dropdown-item check-control check-control-uncheck\" *ngIf=\"settings.showUncheckAll && !disabledSelection\"><a href=\"javascript:;\" role=\"menuitem\" tabindex=\"-1\" (click)=\"uncheckAll()\"><span style=\"width: 16px\" [ngClass]=\"{'glyphicon glyphicon-remove': settings.checkedStyle !== 'fontawesome','fa fa-times': settings.checkedStyle === 'fontawesome'}\"></span> {{ texts.uncheckAll }}</a></li><li *ngIf=\"settings.showCheckAll || settings.showUncheckAll\" class=\"dropdown-divider divider\"></li><li *ngIf=\"!renderItems\" class=\"dropdown-item empty\">{{ texts.searchNoRenderText }}</li><li *ngIf=\"renderItems && !renderFilteredOptions.length\" class=\"dropdown-item empty\">{{ texts.searchEmptyResult }}</li><li class=\"dropdown-item\" *ngFor=\"let option of renderFilteredOptions\" (click)=\"setSelected($event, option)\" [ngStyle]=\"getItemStyle(option)\" [ngClass]=\"option.classes\" [class.dropdown-header]=\"option.isLabel\"><a *ngIf=\"!option.isLabel; else label\" href=\"javascript:;\" role=\"menuitem\" tabindex=\"-1\" [style.padding-left]=\"this.parents.length>0&&this.parents.indexOf(option.id)<0&&'30px'\" [ngStyle]=\"getItemStyleSelectionDisabled()\"><ng-container [ngSwitch]=\"settings.checkedStyle\"><input *ngSwitchCase=\"'checkboxes'\" type=\"checkbox\" [checked]=\"isSelected(option)\" (click)=\"preventCheckboxCheck($event, option)\" [disabled]=\"isCheckboxDisabled()\" [ngStyle]=\"getItemStyleSelectionDisabled()\" > <span *ngSwitchCase=\"'glyphicon'\" style=\"width: 16px\" class=\"glyphicon\" [class.glyphicon-ok]=\"isSelected(option)\"></span> <span *ngSwitchCase=\"'fontawesome'\" style=\"width: 16px;display: inline-block\"><i *ngIf=\"isSelected(option)\" class=\"fa fa-check\" aria-hidden=\"true\"></i></span></ng-container><span [ngClass]=\"settings.itemClasses\" [style.font-weight]=\"this.parents.indexOf(option.id)>=0?'bold':'normal'\">{{ option.name }}</span></a><ng-template #label>{{ option.name }}</ng-template></li></ul></div>","styles":["a {  outline: none !important;}.dropdown-inline {  display: inline-block;}.dropdown-toggle .caret {  margin-left: 4px;  white-space: nowrap;  display: inline-block;}"],"providers":[{"provide":{"__symbolic":"reference","module":"@angular/forms","name":"NG_VALUE_ACCESSOR"},"useExisting":{"__symbolic":"reference","name":"MultiselectDropdown"},"multi":true},{"__symbolic":"reference","module":"./search-filter.pipe","name":"MultiSelectSearchFilter"}]}]}],"members":{"options":[{"__symbolic":"property","decorators":[{"__symbolic":"call","expression":{"__symbolic":"reference","module":"@angular/core","name":"Input"}}]}],"settings":[{"__symbolic":"property","decorators":[{"__symbolic":"call","expression":{"__symbolic":"reference","module":"@angular/core","name":"Input"}}]}],"texts":[{"__symbolic":"property","decorators":[{"__symbolic":"call","expression":{"__symbolic":"reference","module":"@angular/core","name":"Input"}}]}],"disabled":[{"__symbolic":"property","decorators":[{"__symbolic":"call","expression":{"__symbolic":"reference","module":"@angular/core","name":"Input"}}]}],"disabledSelection":[{"__symbolic":"property","decorators":[{"__symbolic":"call","expression":{"__symbolic":"reference","module":"@angular/core","name":"Input"}}]}],"selectionLimitReached":[{"__symbolic":"property","decorators":[{"__symbolic":"call","expression":{"__symbolic":"reference","module":"@angular/core","name":"Output"}}]}],"dropdownClosed":[{"__symbolic":"property","decorators":[{"__symbolic":"call","expression":{"__symbolic":"reference","module":"@angular/core","name":"Output"}}]}],"dropdownOpened":[{"__symbolic":"property","decorators":[{"__symbolic":"call","expression":{"__symbolic":"reference","module":"@angular/core","name":"Output"}}]}],"onAdded":[{"__symbolic":"property","decorators":[{"__symbolic":"call","expression":{"__symbolic":"reference","module":"@angular/core","name":"Output"}}]}],"onRemoved":[{"__symbolic":"property","decorators":[{"__symbolic":"call","expression":{"__symbolic":"reference","module":"@angular/core","name":"Output"}}]}],"onLazyLoad":[{"__symbolic":"property","decorators":[{"__symbolic":"call","expression":{"__symbolic":"reference","module":"@angular/core","name":"Output"}}]}],"onFilter":[{"__symbolic":"property","decorators":[{"__symbolic":"call","expression":{"__symbolic":"reference","module":"@angular/core","name":"Output"}}]}],"onClick":[{"__symbolic":"method","decorators":[{"__symbolic":"call","expression":{"__symbolic":"reference","module":"@angular/core","name":"HostListener"},"arguments":["document: click",["$event.target"]]}]}],"__ctor__":[{"__symbolic":"constructor","parameters":[{"__symbolic":"reference","module":"@angular/core","name":"ElementRef"},{"__symbolic":"reference","module":"@angular/forms","name":"FormBuilder"},{"__symbolic":"reference","module":"./search-filter.pipe","name":"MultiSelectSearchFilter"},{"__symbolic":"reference","module":"@angular/core","name":"IterableDiffers"}]}],"getItemStyle":[{"__symbolic":"method"}],"getItemStyleSelectionDisabled":[{"__symbolic":"method"}],"ngOnInit":[{"__symbolic":"method"}],"ngOnChanges":[{"__symbolic":"method"}],"ngOnDestroy":[{"__symbolic":"method"}],"updateRenderItems":[{"__symbolic":"method"}],"applyFilters":[{"__symbolic":"method"}],"writeValue":[{"__symbolic":"method"}],"registerOnChange":[{"__symbolic":"method"}],"registerOnTouched":[{"__symbolic":"method"}],"setDisabledState":[{"__symbolic":"method"}],"ngDoCheck":[{"__symbolic":"method"}],"validate":[{"__symbolic":"method"}],"registerOnValidatorChange":[{"__symbolic":"method"}],"clearSearch":[{"__symbolic":"method"}],"toggleDropdown":[{"__symbolic":"method"}],"isSelected":[{"__symbolic":"method"}],"setSelected":[{"__symbolic":"method"}],"updateNumSelected":[{"__symbolic":"method"}],"updateTitle":[{"__symbolic":"method"}],"searchFilterApplied":[{"__symbolic":"method"}],"addChecks":[{"__symbolic":"method"}],"checkAll":[{"__symbolic":"method"}],"uncheckAll":[{"__symbolic":"method"}],"preventCheckboxCheck":[{"__symbolic":"method"}],"isCheckboxDisabled":[{"__symbolic":"method"}],"checkScrollPosition":[{"__symbolic":"method"}],"checkScrollPropagation":[{"__symbolic":"method"}],"load":[{"__symbolic":"method"}]}}}}]