[{"__symbolic":"module","version":3,"metadata":{"MultiselectDropdownModule":{"__symbolic":"class","decorators":[{"__symbolic":"call","expression":{"__symbolic":"reference","module":"@angular/core","name":"NgModule"},"arguments":[{"imports":[{"__symbolic":"reference","module":"@angular/common","name":"CommonModule"},{"__symbolic":"reference","module":"@angular/forms","name":"ReactiveFormsModule"}],"exports":[{"__symbolic":"reference","module":"./dropdown.component","name":"MultiselectDropdown"},{"__symbolic":"reference","module":"./search-filter.pipe","name":"MultiSelectSearchFilter"}],"declarations":[{"__symbolic":"reference","module":"./dropdown.component","name":"MultiselectDropdown"},{"__symbolic":"reference","module":"./search-filter.pipe","name":"MultiSelectSearchFilter"}]}]}]}}},{"__symbolic":"module","version":1,"metadata":{"MultiselectDropdownModule":{"__symbolic":"class","decorators":[{"__symbolic":"call","expression":{"__symbolic":"reference","module":"@angular/core","name":"NgModule"},"arguments":[{"imports":[{"__symbolic":"reference","module":"@angular/common","name":"CommonModule"},{"__symbolic":"reference","module":"@angular/forms","name":"ReactiveFormsModule"}],"exports":[{"__symbolic":"reference","module":"./dropdown.component","name":"MultiselectDropdown"},{"__symbolic":"reference","module":"./search-filter.pipe","name":"MultiSelectSearchFilter"}],"declarations":[{"__symbolic":"reference","module":"./dropdown.component","name":"MultiselectDropdown"},{"__symbolic":"reference","module":"./search-filter.pipe","name":"MultiSelectSearchFilter"}]}]}]}}}]