[{"__symbolic":"module","version":3,"metadata":{"MultiSelectSearchFilter":{"__symbolic":"class","decorators":[{"__symbolic":"call","expression":{"__symbolic":"reference","module":"@angular/core","name":"Pipe"},"arguments":[{"name":"searchFilter"}]}],"members":{"transform":[{"__symbolic":"method"}],"_limitRenderedItems":[{"__symbolic":"method"}],"_escapeRegExp":[{"__symbolic":"method"}]}}}},{"__symbolic":"module","version":1,"metadata":{"MultiSelectSearchFilter":{"__symbolic":"class","decorators":[{"__symbolic":"call","expression":{"__symbolic":"reference","module":"@angular/core","name":"Pipe"},"arguments":[{"name":"searchFilter"}]}],"members":{"transform":[{"__symbolic":"method"}],"_limitRenderedItems":[{"__symbolic":"method"}],"_escapeRegExp":[{"__symbolic":"method"}]}}}}]