{"__symbolic":"module","version":4,"metadata":{"CovalentMediaModule":{"__symbolic":"class","decorators":[{"__symbolic":"call","expression":{"__symbolic":"reference","module":"@angular/core","name":"NgModule","line":12,"character":1},"arguments":[{"imports":[{"__symbolic":"reference","module":"@angular/common","name":"CommonModule","line":14,"character":4}],"declarations":[[{"__symbolic":"reference","name":"TdMediaToggleDirective"}]],"exports":[[{"__symbolic":"reference","name":"TdMediaToggleDirective"}]],"providers":[{"__symbolic":"reference","name":"MEDIA_PROVIDER"}]}]}],"members":{}},"TdMediaToggleDirective":{"__symbolic":"class","decorators":[{"__symbolic":"call","expression":{"__symbolic":"reference","module":"@angular/core","name":"Directive","line":6,"character":1},"arguments":[{"selector":"[tdMediaToggle]"}]}],"members":{"query":[{"__symbolic":"property","decorators":[{"__symbolic":"call","expression":{"__symbolic":"reference","module":"@angular/core","name":"Input","line":24,"character":3},"arguments":["tdMediaToggle"]}]}],"attributes":[{"__symbolic":"property","decorators":[{"__symbolic":"call","expression":{"__symbolic":"reference","module":"@angular/core","name":"Input","line":36,"character":3},"arguments":["mediaAttributes"]}]}],"classes":[{"__symbolic":"property","decorators":[{"__symbolic":"call","expression":{"__symbolic":"reference","module":"@angular/core","name":"Input","line":45,"character":3},"arguments":["mediaClasses"]}]}],"styles":[{"__symbolic":"property","decorators":[{"__symbolic":"call","expression":{"__symbolic":"reference","module":"@angular/core","name":"Input","line":54,"character":3},"arguments":["mediaStyles"]}]}],"__ctor__":[{"__symbolic":"constructor","parameters":[{"__symbolic":"reference","module":"@angular/core","name":"Renderer2","line":59,"character":33},{"__symbolic":"reference","module":"@angular/core","name":"ElementRef","line":59,"character":65},{"__symbolic":"reference","name":"TdMediaService"}]}],"ngOnInit":[{"__symbolic":"method"}],"ngOnDestroy":[{"__symbolic":"method"}],"_mediaChange":[{"__symbolic":"method"}],"_changeAttributes":[{"__symbolic":"method"}],"_changeClasses":[{"__symbolic":"method"}],"_changeStyles":[{"__symbolic":"method"}]}},"TdMediaService":{"__symbolic":"class","decorators":[{"__symbolic":"call","expression":{"__symbolic":"reference","module":"@angular/core","name":"Injectable","line":6,"character":1}}],"members":{"__ctor__":[{"__symbolic":"constructor","parameters":[{"__symbolic":"reference","module":"@angular/core","name":"NgZone","line":15,"character":31}]}],"deregisterQuery":[{"__symbolic":"method"}],"query":[{"__symbolic":"method"}],"registerQuery":[{"__symbolic":"method"}],"broadcast":[{"__symbolic":"method"}],"_onResize":[{"__symbolic":"method"}],"_matchMediaTrigger":[{"__symbolic":"method"}]}},"MEDIA_PROVIDER_FACTORY":{"__symbolic":"function","parameters":["parent","ngZone"],"value":{"__symbolic":"binop","operator":"||","left":{"__symbolic":"reference","name":"parent"},"right":{"__symbolic":"new","expression":{"__symbolic":"reference","name":"TdMediaService"},"arguments":[{"__symbolic":"reference","name":"ngZone"}]}}},"MEDIA_PROVIDER":{"provide":{"__symbolic":"reference","name":"TdMediaService"},"deps":[[{"__symbolic":"new","expression":{"__symbolic":"reference","module":"@angular/core","name":"Optional","line":113,"character":14}},{"__symbolic":"new","expression":{"__symbolic":"reference","module":"@angular/core","name":"SkipSelf","line":113,"character":30}},{"__symbolic":"reference","name":"TdMediaService"}],{"__symbolic":"reference","module":"@angular/core","name":"NgZone","line":15,"character":31}],"useFactory":{"__symbolic":"reference","name":"MEDIA_PROVIDER_FACTORY"}}},"origins":{"CovalentMediaModule":"./media.module","TdMediaToggleDirective":"./directives/media-toggle.directive","TdMediaService":"./services/media.service","MEDIA_PROVIDER_FACTORY":"./services/media.service","MEDIA_PROVIDER":"./services/media.service"},"importAs":"@covalent/core/media"}