{"__symbolic":"module","version":4,"metadata":{"CovalentChipsModule":{"__symbolic":"class","decorators":[{"__symbolic":"call","expression":{"__symbolic":"reference","module":"@angular/core","name":"NgModule","line":12,"character":1},"arguments":[{"imports":[{"__symbolic":"reference","module":"@angular/forms","name":"ReactiveFormsModule","line":14,"character":4},{"__symbolic":"reference","module":"@angular/common","name":"CommonModule","line":15,"character":4},{"__symbolic":"reference","module":"@angular/material/input","name":"MatInputModule","line":16,"character":4},{"__symbolic":"reference","module":"@angular/material/icon","name":"MatIconModule","line":17,"character":4},{"__symbolic":"reference","module":"@angular/material/chips","name":"MatChipsModule","line":18,"character":4},{"__symbolic":"reference","module":"@angular/material/autocomplete","name":"MatAutocompleteModule","line":19,"character":4}],"declarations":[{"__symbolic":"reference","name":"TdChipsComponent"},{"__symbolic":"reference","name":"TdChipDirective"},{"__symbolic":"reference","name":"TdAutocompleteOptionDirective"}],"exports":[{"__symbolic":"reference","name":"TdChipsComponent"},{"__symbolic":"reference","name":"TdChipDirective"},{"__symbolic":"reference","name":"TdAutocompleteOptionDirective"}]}]}],"members":{}},"TdChipDirective":{"__symbolic":"class","extends":{"__symbolic":"reference","module":"@angular/cdk/portal","name":"TemplatePortalDirective","line":29,"character":37},"decorators":[{"__symbolic":"call","expression":{"__symbolic":"reference","module":"@angular/core","name":"Directive","line":26,"character":1},"arguments":[{"selector":"[td-chip]ng-template"}]}],"members":{"__ctor__":[{"__symbolic":"constructor","parameters":[{"__symbolic":"reference","name":"TemplateRef","module":"@angular/core","arguments":[{"__symbolic":"reference","name":"any"}]},{"__symbolic":"reference","module":"@angular/core","name":"ViewContainerRef","line":30,"character":63}]}]}},"TdAutocompleteOptionDirective":{"__symbolic":"class","extends":{"__symbolic":"reference","module":"@angular/cdk/portal","name":"TemplatePortalDirective","line":38,"character":51},"decorators":[{"__symbolic":"call","expression":{"__symbolic":"reference","module":"@angular/core","name":"Directive","line":35,"character":1},"arguments":[{"selector":"[td-autocomplete-option]ng-template"}]}],"members":{"__ctor__":[{"__symbolic":"constructor","parameters":[{"__symbolic":"reference","name":"TemplateRef","module":"@angular/core","arguments":[{"__symbolic":"reference","name":"any"}]},{"__symbolic":"reference","module":"@angular/core","name":"ViewContainerRef","line":30,"character":63}]}]}},"TdChipsBase":{"__symbolic":"class","members":{"__ctor__":[{"__symbolic":"constructor","parameters":[{"__symbolic":"reference","module":"@angular/core","name":"ChangeDetectorRef","line":45,"character":41}]}]}},"_TdChipsMixinBase":{"__symbolic":"call","expression":{"__symbolic":"reference","module":"@covalent/core/common","name":"mixinControlValueAccessor","line":49,"character":33},"arguments":[{"__symbolic":"call","expression":{"__symbolic":"reference","module":"@covalent/core/common","name":"mixinDisabled","line":49,"character":59},"arguments":[{"__symbolic":"reference","name":"TdChipsBase"}]},[]]},"TdChipsComponent":{"__symbolic":"class","extends":{"__symbolic":"reference","name":"_TdChipsMixinBase"},"decorators":[{"__symbolic":"call","expression":{"__symbolic":"reference","module":"@angular/core","name":"Component","line":51,"character":1},"arguments":[{"providers":[{"provide":{"__symbolic":"reference","module":"@angular/forms","name":"NG_VALUE_ACCESSOR","line":53,"character":13},"useExisting":{"__symbolic":"reference","name":"TdChipsComponent"},"multi":true}],"selector":"td-chips","inputs":["disabled","value"],"styles":[":host{\n  display:block;\n  padding:0 5px;\n  min-height:48px; }\n  :host .td-chips-wrapper{\n    min-height:42px;\n    display:-webkit-box;\n    display:-ms-flexbox;\n    display:flex;\n    -webkit-box-orient:horizontal;\n    -webkit-box-direction:normal;\n        -ms-flex-direction:row;\n            flex-direction:row;\n    -ms-flex-wrap:wrap;\n        flex-wrap:wrap;\n    -webkit-box-align:start;\n        -ms-flex-align:start;\n            align-items:flex-start; }\n    :host .td-chips-wrapper.td-chips-stacked .mat-basic-chip,\n    :host .td-chips-wrapper.td-chips-stacked .td-chips-form-field{\n      width:100%; }\n    :host .td-chips-wrapper.td-chips-input-before-position .td-chips-form-field{\n      -webkit-box-ordinal-group:0;\n          -ms-flex-order:-1;\n              order:-1; }\n  :host .td-chip, :host .td-chip > .td-chip-content{\n    -webkit-box-sizing:border-box;\n            box-sizing:border-box;\n    display:-webkit-box;\n    display:-ms-flexbox;\n    display:flex;\n    -webkit-box-orient:horizontal;\n    -webkit-box-direction:normal;\n        -ms-flex-direction:row;\n            flex-direction:row;\n    max-width:100%;\n    -webkit-box-align:center;\n        -ms-flex-align:center;\n            align-items:center;\n    -ms-flex-line-pack:center;\n        align-content:center;\n    -webkit-box-pack:start;\n        -ms-flex-pack:start;\n            justify-content:start; }\n    :host .td-chip.td-chip-stacked, :host .td-chip > .td-chip-content.td-chip-stacked{\n      -webkit-box-pack:justify;\n          -ms-flex-pack:justify;\n              justify-content:space-between; }\n  :host ::ng-deep{ }\n    :host ::ng-deep .mat-form-field-wrapper{\n      padding-bottom:2px; }\n    :host ::ng-deep .mat-basic-chip{\n      display:inline-block;\n      cursor:default;\n      border-radius:16px;\n      margin:8px 8px 0 0;\n      -webkit-box-sizing:border-box;\n              box-sizing:border-box;\n      max-width:100%;\n      position:relative; }\n      html[dir=rtl] :host ::ng-deep .mat-basic-chip{\n        margin:8px 0 0 8px;\n        unicode-bidi:embed; }\n      body[dir=rtl] :host ::ng-deep .mat-basic-chip{\n        margin:8px 0 0 8px;\n        unicode-bidi:embed; }\n      [dir=rtl] :host ::ng-deep .mat-basic-chip{\n        margin:8px 0 0 8px;\n        unicode-bidi:embed; }\n      :host ::ng-deep .mat-basic-chip bdo[dir=rtl]{\n        direction:rtl;\n        unicode-bidi:bidi-override; }\n      :host ::ng-deep .mat-basic-chip bdo[dir=ltr]{\n        direction:ltr;\n        unicode-bidi:bidi-override; }\n      :host ::ng-deep .mat-basic-chip .td-chip{\n        min-height:32px;\n        line-height:32px;\n        font-size:13px;\n        padding:0 0 0 12px; }\n        html[dir=rtl] :host ::ng-deep .mat-basic-chip .td-chip{\n          padding:0 12px 0 0;\n          unicode-bidi:embed; }\n        body[dir=rtl] :host ::ng-deep .mat-basic-chip .td-chip{\n          padding:0 12px 0 0;\n          unicode-bidi:embed; }\n        [dir=rtl] :host ::ng-deep .mat-basic-chip .td-chip{\n          padding:0 12px 0 0;\n          unicode-bidi:embed; }\n        :host ::ng-deep .mat-basic-chip .td-chip bdo[dir=rtl]{\n          direction:rtl;\n          unicode-bidi:bidi-override; }\n        :host ::ng-deep .mat-basic-chip .td-chip bdo[dir=ltr]{\n          direction:ltr;\n          unicode-bidi:bidi-override; }\n        :host ::ng-deep .mat-basic-chip .td-chip [td-chip-avatar]{\n          display:inline-block;\n          -webkit-box-ordinal-group:-19;\n              -ms-flex-order:-20;\n                  order:-20;\n          -webkit-box-pack:center;\n              -ms-flex-pack:center;\n                  justify-content:center;\n          -webkit-box-align:center;\n              -ms-flex-align:center;\n                  align-items:center;\n          text-align:center;\n          height:32px;\n          width:32px;\n          margin:0 8px 0 -12px;\n          border-radius:50%; }\n          html[dir=rtl] :host ::ng-deep .mat-basic-chip .td-chip [td-chip-avatar]{\n            margin:0 -12px 0 8px;\n            unicode-bidi:embed; }\n          body[dir=rtl] :host ::ng-deep .mat-basic-chip .td-chip [td-chip-avatar]{\n            margin:0 -12px 0 8px;\n            unicode-bidi:embed; }\n          [dir=rtl] :host ::ng-deep .mat-basic-chip .td-chip [td-chip-avatar]{\n            margin:0 -12px 0 8px;\n            unicode-bidi:embed; }\n          :host ::ng-deep .mat-basic-chip .td-chip [td-chip-avatar] bdo[dir=rtl]{\n            direction:rtl;\n            unicode-bidi:bidi-override; }\n          :host ::ng-deep .mat-basic-chip .td-chip [td-chip-avatar] bdo[dir=ltr]{\n            direction:ltr;\n            unicode-bidi:bidi-override; }\n      :host ::ng-deep .mat-basic-chip.td-chip-after-pad{\n        padding:0 12px 0 0; }\n        html[dir=rtl] :host ::ng-deep .mat-basic-chip.td-chip-after-pad{\n          padding:0 0 0 12px;\n          unicode-bidi:embed; }\n        body[dir=rtl] :host ::ng-deep .mat-basic-chip.td-chip-after-pad{\n          padding:0 0 0 12px;\n          unicode-bidi:embed; }\n        [dir=rtl] :host ::ng-deep .mat-basic-chip.td-chip-after-pad{\n          padding:0 0 0 12px;\n          unicode-bidi:embed; }\n        :host ::ng-deep .mat-basic-chip.td-chip-after-pad bdo[dir=rtl]{\n          direction:rtl;\n          unicode-bidi:bidi-override; }\n        :host ::ng-deep .mat-basic-chip.td-chip-after-pad bdo[dir=ltr]{\n          direction:ltr;\n          unicode-bidi:bidi-override; }\n      :host ::ng-deep .mat-basic-chip mat-icon.td-chip-removal{\n        margin:0 4px;\n        font-size:21px;\n        line-height:22px; }\n        :host ::ng-deep .mat-basic-chip mat-icon.td-chip-removal:hover{\n          cursor:pointer; }\n    :host ::ng-deep .td-chips-stacked .mat-basic-chip{\n      margin:4px 0; }\n      :host ::ng-deep .td-chips-stacked .mat-basic-chip:first-of-type{\n        margin:8px 0 4px; }\n      :host ::ng-deep .td-chips-stacked .mat-basic-chip:last-of-type{\n        margin:4px 0 8px; }\n  :host .mat-form-field-underline{\n    position:relative;\n    height:1px;\n    width:100%;\n    bottom:0; }\n    :host .mat-form-field-underline.mat-disabled{\n      background-position:0;\n      bottom:-4px;\n      background-color:transparent; }\n    :host .mat-form-field-underline .mat-form-field-ripple{\n      position:absolute;\n      height:2px;\n      top:0;\n      width:100%;\n      -webkit-transform-origin:50%;\n              transform-origin:50%;\n      -webkit-transform:scaleX(0.5);\n              transform:scaleX(0.5);\n      visibility:hidden;\n      opacity:0;\n      -webkit-transition:background-color 0.3s cubic-bezier(0.55, 0, 0.55, 0.2);\n      transition:background-color 0.3s cubic-bezier(0.55, 0, 0.55, 0.2); }\n      :host .mat-form-field-underline .mat-form-field-ripple.mat-focused{\n        visibility:visible;\n        opacity:1;\n        -webkit-transform:scaleX(1);\n                transform:scaleX(1);\n        -webkit-transition:background-color 0.3s cubic-bezier(0.55, 0, 0.55, 0.2), -webkit-transform 150ms linear;\n        transition:background-color 0.3s cubic-bezier(0.55, 0, 0.55, 0.2), -webkit-transform 150ms linear;\n        transition:transform 150ms linear, background-color 0.3s cubic-bezier(0.55, 0, 0.55, 0.2);\n        transition:transform 150ms linear, background-color 0.3s cubic-bezier(0.55, 0, 0.55, 0.2), -webkit-transform 150ms linear; }\n  :host ::ng-deep mat-form-field .mat-form-field-underline{\n    display:none; }\n"],"template":"<div class=\"td-chips-wrapper\"\n     [class.td-chips-stacked]=\"stacked\"\n     [class.td-chips-input-before-position]=\"inputPosition === 'before'\">\n  <ng-template let-chip let-first=\"first\" let-index=\"index\" ngFor [ngForOf]=\"value\">\n    <mat-basic-chip [class.td-chip-disabled]=\"disabled\"\n                   [class.td-chip-after-pad]=\"!canRemoveChip\"\n                   [color]=\"color\"\n                   (keydown)=\"_chipKeydown($event, index)\"\n                   (blur)=\"_handleChipBlur($event, chip)\"\n                   (focus)=\"_handleChipFocus($event, chip)\">\n      <div class=\"td-chip\" [class.td-chip-stacked]=\"stacked\">\n        <span class=\"td-chip-content\">\n          <span *ngIf=\"!_chipTemplate?.templateRef\">{{chip}}</span>\n          <ng-template\n            *ngIf=\"_chipTemplate?.templateRef\"\n            [ngTemplateOutlet]=\"_chipTemplate?.templateRef\"\n            [ngTemplateOutletContext]=\"{ chip: chip }\">\n          </ng-template>\n        </span>\n        <mat-icon *ngIf=\"canRemoveChip\" class=\"td-chip-removal\" (click)=\"_internalClick = removeChip(index)\">\n          cancel\n        </mat-icon>\n      </div>\n    </mat-basic-chip>\n  </ng-template>\n  <mat-form-field floatPlaceholder=\"never\"\n                  class=\"td-chips-form-field\"\n                  [style.width.px]=\"canAddChip ? null : 0\"\n                  [style.height.px]=\"canAddChip ? null : 0\"\n                  [color]=\"color\">\n    <input matInput\n            #input\n            [tabIndex]=\"-1\"\n            [matAutocomplete]=\"autocomplete\"\n            [formControl]=\"inputControl\"\n            [placeholder]=\"canAddChip? placeholder : ''\"\n            (keydown)=\"_inputKeydown($event)\"\n            (keyup.enter)=\"_handleAddChip()\"\n            (focus)=\"_handleFocus()\">\n  </mat-form-field>\n  <mat-autocomplete #autocomplete=\"matAutocomplete\"\n                   [displayWith]=\"_removeInputDisplay\"\n                   (optionSelected)=\"addChip($event.option.value)\">\n    <ng-template let-item let-first=\"first\" ngFor [ngForOf]=\"items\">\n      <mat-option (click)=\"_setInternalClick()\" [value]=\"item\">\n        <span *ngIf=\"!_autocompleteOptionTemplate?.templateRef\">{{item}}</span>\n        <ng-template\n          *ngIf=\"_autocompleteOptionTemplate?.templateRef\"\n          [ngTemplateOutlet]=\"_autocompleteOptionTemplate?.templateRef\"\n          [ngTemplateOutletContext]=\"{ option: item }\">\n        </ng-template>\n      </mat-option>\n    </ng-template>\n  </mat-autocomplete>\n</div>\n<div *ngIf=\"chipAddition\" class=\"mat-form-field-underline\"\n      [class.mat-disabled]=\"disabled\">\n  <span class=\"mat-form-field-ripple\"\n        [class.mat-focused]=\"focused\"></span>\n</div>\n<ng-content></ng-content>","changeDetection":{"__symbolic":"select","expression":{"__symbolic":"reference","module":"@angular/core","name":"ChangeDetectionStrategy","line":309,"character":19},"member":"OnPush"}}]}],"members":{"_nativeInput":[{"__symbolic":"property","decorators":[{"__symbolic":"call","expression":{"__symbolic":"reference","module":"@angular/core","name":"ViewChild","line":331,"character":3},"arguments":["input"]}]}],"_inputChild":[{"__symbolic":"property","decorators":[{"__symbolic":"call","expression":{"__symbolic":"reference","module":"@angular/core","name":"ViewChild","line":332,"character":3},"arguments":[{"__symbolic":"reference","module":"@angular/material/input","name":"MatInput","line":332,"character":13}]}]}],"_autocompleteTrigger":[{"__symbolic":"property","decorators":[{"__symbolic":"call","expression":{"__symbolic":"reference","module":"@angular/core","name":"ViewChild","line":333,"character":3},"arguments":[{"__symbolic":"reference","module":"@angular/material/autocomplete","name":"MatAutocompleteTrigger","line":333,"character":13}]}]}],"_chipsChildren":[{"__symbolic":"property","decorators":[{"__symbolic":"call","expression":{"__symbolic":"reference","module":"@angular/core","name":"ViewChildren","line":334,"character":3},"arguments":[{"__symbolic":"reference","module":"@angular/material/chips","name":"MatChip","line":334,"character":16}]}]}],"_chipTemplate":[{"__symbolic":"property","decorators":[{"__symbolic":"call","expression":{"__symbolic":"reference","module":"@angular/core","name":"ContentChild","line":336,"character":3},"arguments":[{"__symbolic":"reference","name":"TdChipDirective"}]}]}],"_autocompleteOptionTemplate":[{"__symbolic":"property","decorators":[{"__symbolic":"call","expression":{"__symbolic":"reference","module":"@angular/core","name":"ContentChild","line":337,"character":3},"arguments":[{"__symbolic":"reference","name":"TdAutocompleteOptionDirective"}]}]}],"_options":[{"__symbolic":"property","decorators":[{"__symbolic":"call","expression":{"__symbolic":"reference","module":"@angular/core","name":"ViewChildren","line":339,"character":3},"arguments":[{"__symbolic":"reference","module":"@angular/material/core","name":"MatOption","line":339,"character":16}]}]}],"items":[{"__symbolic":"property","decorators":[{"__symbolic":"call","expression":{"__symbolic":"reference","module":"@angular/core","name":"Input","line":357,"character":3},"arguments":["items"]}]}],"stacked":[{"__symbolic":"property","decorators":[{"__symbolic":"call","expression":{"__symbolic":"reference","module":"@angular/core","name":"Input","line":372,"character":3},"arguments":["stacked"]}]}],"inputPosition":[{"__symbolic":"property","decorators":[{"__symbolic":"call","expression":{"__symbolic":"reference","module":"@angular/core","name":"Input","line":385,"character":3},"arguments":["inputPosition"]}]}],"requireMatch":[{"__symbolic":"property","decorators":[{"__symbolic":"call","expression":{"__symbolic":"reference","module":"@angular/core","name":"Input","line":397,"character":3},"arguments":["requireMatch"]}]}],"chipAddition":[{"__symbolic":"property","decorators":[{"__symbolic":"call","expression":{"__symbolic":"reference","module":"@angular/core","name":"Input","line":410,"character":3},"arguments":["chipAddition"]}]}],"chipRemoval":[{"__symbolic":"property","decorators":[{"__symbolic":"call","expression":{"__symbolic":"reference","module":"@angular/core","name":"Input","line":432,"character":3},"arguments":["chipRemoval"]}]}],"placeholder":[{"__symbolic":"property","decorators":[{"__symbolic":"call","expression":{"__symbolic":"reference","module":"@angular/core","name":"Input","line":452,"character":3},"arguments":["placeholder"]}]}],"debounce":[{"__symbolic":"property","decorators":[{"__symbolic":"call","expression":{"__symbolic":"reference","module":"@angular/core","name":"Input","line":458,"character":3},"arguments":["debounce"]}]}],"color":[{"__symbolic":"property","decorators":[{"__symbolic":"call","expression":{"__symbolic":"reference","module":"@angular/core","name":"Input","line":465,"character":3},"arguments":["color"]}]}],"onAdd":[{"__symbolic":"property","decorators":[{"__symbolic":"call","expression":{"__symbolic":"reference","module":"@angular/core","name":"Output","line":482,"character":3},"arguments":["add"]}]}],"onRemove":[{"__symbolic":"property","decorators":[{"__symbolic":"call","expression":{"__symbolic":"reference","module":"@angular/core","name":"Output","line":489,"character":3},"arguments":["remove"]}]}],"onInputChange":[{"__symbolic":"property","decorators":[{"__symbolic":"call","expression":{"__symbolic":"reference","module":"@angular/core","name":"Output","line":496,"character":3},"arguments":["inputChange"]}]}],"onChipFocus":[{"__symbolic":"property","decorators":[{"__symbolic":"call","expression":{"__symbolic":"reference","module":"@angular/core","name":"Output","line":503,"character":3},"arguments":["chipFocus"]}]}],"onChipBlur":[{"__symbolic":"property","decorators":[{"__symbolic":"call","expression":{"__symbolic":"reference","module":"@angular/core","name":"Output","line":510,"character":3},"arguments":["chipBlur"]}]}],"tabIndex":[{"__symbolic":"property","decorators":[{"__symbolic":"call","expression":{"__symbolic":"reference","module":"@angular/core","name":"HostBinding","line":515,"character":3},"arguments":["attr.tabindex"]}]}],"__ctor__":[{"__symbolic":"constructor","parameterDecorators":[null,null,[{"__symbolic":"call","expression":{"__symbolic":"reference","module":"@angular/core","name":"Optional","line":522,"character":15}},{"__symbolic":"call","expression":{"__symbolic":"reference","module":"@angular/core","name":"Inject","line":522,"character":27},"arguments":[{"__symbolic":"reference","module":"@angular/platform-browser","name":"DOCUMENT","line":522,"character":34}]}],null],"parameters":[{"__symbolic":"reference","module":"@angular/core","name":"ElementRef","line":520,"character":35},{"__symbolic":"reference","module":"@angular/core","name":"Renderer2","line":521,"character":33},{"__symbolic":"reference","name":"any"},{"__symbolic":"reference","module":"@angular/core","name":"ChangeDetectorRef","line":45,"character":41}]}],"focusListener":[{"__symbolic":"method","decorators":[{"__symbolic":"call","expression":{"__symbolic":"reference","module":"@angular/core","name":"HostListener","line":531,"character":3},"arguments":["focus",["$event"]]}]}],"mousedownListener":[{"__symbolic":"method","decorators":[{"__symbolic":"call","expression":{"__symbolic":"reference","module":"@angular/core","name":"HostListener","line":543,"character":3},"arguments":["mousedown",["$event"]]}]}],"clickListener":[{"__symbolic":"method","decorators":[{"__symbolic":"call","expression":{"__symbolic":"reference","module":"@angular/core","name":"HostListener","line":556,"character":3},"arguments":["click",["$event"]]}]}],"keydownListener":[{"__symbolic":"method","decorators":[{"__symbolic":"call","expression":{"__symbolic":"reference","module":"@angular/core","name":"HostListener","line":570,"character":3},"arguments":["keydown",["$event"]]}]}],"ngOnInit":[{"__symbolic":"method"}],"ngAfterViewInit":[{"__symbolic":"method"}],"ngDoCheck":[{"__symbolic":"method"}],"ngOnDestroy":[{"__symbolic":"method"}],"_setInternalClick":[{"__symbolic":"method"}],"onDisabledChange":[{"__symbolic":"method"}],"_handleAddChip":[{"__symbolic":"method"}],"addChip":[{"__symbolic":"method"}],"removeChip":[{"__symbolic":"method"}],"_handleChipBlur":[{"__symbolic":"method"}],"_handleChipFocus":[{"__symbolic":"method"}],"_handleFocus":[{"__symbolic":"method"}],"setFocusedState":[{"__symbolic":"method"}],"removeFocusedState":[{"__symbolic":"method"}],"focus":[{"__symbolic":"method"}],"_inputKeydown":[{"__symbolic":"method"}],"_chipKeydown":[{"__symbolic":"method"}],"_removeInputDisplay":[{"__symbolic":"method"}],"_openAutocomplete":[{"__symbolic":"method"}],"_closeAutocomplete":[{"__symbolic":"method"}],"_focusChip":[{"__symbolic":"method"}],"_focusFirstChip":[{"__symbolic":"method"}],"_focusLastChip":[{"__symbolic":"method"}],"_toggleInput":[{"__symbolic":"method"}],"_setFirstOptionActive":[{"__symbolic":"method"}],"_watchOutsideClick":[{"__symbolic":"method"}]}}},"origins":{"CovalentChipsModule":"./chips.module","TdChipDirective":"./chips.component","TdAutocompleteOptionDirective":"./chips.component","TdChipsBase":"./chips.component","_TdChipsMixinBase":"./chips.component","TdChipsComponent":"./chips.component"},"importAs":"@covalent/core/chips"}