{"__symbolic":"module","version":4,"metadata":{"CovalentMenuModule":{"__symbolic":"class","decorators":[{"__symbolic":"call","expression":{"__symbolic":"reference","module":"@angular/core","name":"NgModule","line":13,"character":1},"arguments":[{"imports":[{"__symbolic":"reference","module":"@angular/common","name":"CommonModule","line":15,"character":4},{"__symbolic":"reference","module":"@angular/material/menu","name":"MatMenuModule","line":16,"character":4},{"__symbolic":"reference","module":"@angular/material/divider","name":"MatDividerModule","line":17,"character":4}],"declarations":[[{"__symbolic":"reference","name":"TdMenuComponent"}]],"exports":[[{"__symbolic":"reference","name":"TdMenuComponent"}]]}]}],"members":{}},"TdMenuComponent":{"__symbolic":"class","decorators":[{"__symbolic":"call","expression":{"__symbolic":"reference","module":"@angular/core","name":"Component","line":2,"character":1},"arguments":[{"selector":"td-menu","template":"<ng-content select=\"[td-menu-header]\"></ng-content>\n<mat-divider></mat-divider>\n<div class=\"td-menu-content\">\n  <ng-content></ng-content>\n</div>\n<mat-divider></mat-divider>\n<ng-content select=\"[td-menu-footer]\"></ng-content>","styles":[":host{\n  margin-top:-8px;\n  margin-bottom:-8px;\n  -webkit-box-sizing:border-box;\n          box-sizing:border-box;\n  display:-webkit-box;\n  display:-ms-flexbox;\n  display:flex;\n  -webkit-box-orient:vertical;\n  -webkit-box-direction:normal;\n      -ms-flex-direction:column;\n          flex-direction:column; }\n\n:host ::ng-deep [td-menu-header]{\n  padding:8px;\n  text-align:center; }\n\n:host ::ng-deep mat-list a[mat-list-item].mat-2-line,\n:host ::ng-deep mat-list mat-list-item.mat-2-line,\n:host ::ng-deep mat-list[dense] a[mat-list-item].mat-2-line,\n:host ::ng-deep mat-list[dense] mat-list-item.mat-2-line,\n:host ::ng-deep mat-nav-list a[mat-list-item].mat-2-line,\n:host ::ng-deep mat-nav-list mat-list-item.mat-2-line,\n:host ::ng-deep mat-nav-list[dense] a[mat-list-item].mat-2-line,\n:host ::ng-deep mat-nav-list[dense] mat-list-item.mat-2-line{\n  height:auto; }\n  :host ::ng-deep mat-list a[mat-list-item].mat-2-line .mat-list-item-content,\n  :host ::ng-deep mat-list mat-list-item.mat-2-line .mat-list-item-content,\n  :host ::ng-deep mat-list[dense] a[mat-list-item].mat-2-line .mat-list-item-content,\n  :host ::ng-deep mat-list[dense] mat-list-item.mat-2-line .mat-list-item-content,\n  :host ::ng-deep mat-nav-list a[mat-list-item].mat-2-line .mat-list-item-content,\n  :host ::ng-deep mat-nav-list mat-list-item.mat-2-line .mat-list-item-content,\n  :host ::ng-deep mat-nav-list[dense] a[mat-list-item].mat-2-line .mat-list-item-content,\n  :host ::ng-deep mat-nav-list[dense] mat-list-item.mat-2-line .mat-list-item-content{\n    height:auto;\n    padding:8px; }\n    :host ::ng-deep mat-list a[mat-list-item].mat-2-line .mat-list-item-content .mat-list-text,\n    :host ::ng-deep mat-list mat-list-item.mat-2-line .mat-list-item-content .mat-list-text,\n    :host ::ng-deep mat-list[dense] a[mat-list-item].mat-2-line .mat-list-item-content .mat-list-text,\n    :host ::ng-deep mat-list[dense] mat-list-item.mat-2-line .mat-list-item-content .mat-list-text,\n    :host ::ng-deep mat-nav-list a[mat-list-item].mat-2-line .mat-list-item-content .mat-list-text,\n    :host ::ng-deep mat-nav-list mat-list-item.mat-2-line .mat-list-item-content .mat-list-text,\n    :host ::ng-deep mat-nav-list[dense] a[mat-list-item].mat-2-line .mat-list-item-content .mat-list-text,\n    :host ::ng-deep mat-nav-list[dense] mat-list-item.mat-2-line .mat-list-item-content .mat-list-text{\n      padding-right:0; }\n      [dir='rtl'] :host ::ng-deep mat-list a[mat-list-item].mat-2-line .mat-list-item-content .mat-list-text, [dir='rtl']\n      :host ::ng-deep mat-list mat-list-item.mat-2-line .mat-list-item-content .mat-list-text, [dir='rtl']\n      :host ::ng-deep mat-list[dense] a[mat-list-item].mat-2-line .mat-list-item-content .mat-list-text, [dir='rtl']\n      :host ::ng-deep mat-list[dense] mat-list-item.mat-2-line .mat-list-item-content .mat-list-text, [dir='rtl']\n      :host ::ng-deep mat-nav-list a[mat-list-item].mat-2-line .mat-list-item-content .mat-list-text, [dir='rtl']\n      :host ::ng-deep mat-nav-list mat-list-item.mat-2-line .mat-list-item-content .mat-list-text, [dir='rtl']\n      :host ::ng-deep mat-nav-list[dense] a[mat-list-item].mat-2-line .mat-list-item-content .mat-list-text, [dir='rtl']\n      :host ::ng-deep mat-nav-list[dense] mat-list-item.mat-2-line .mat-list-item-content .mat-list-text{\n        padding-left:0;\n        padding-right:16px; }\n    :host ::ng-deep mat-list a[mat-list-item].mat-2-line .mat-list-item-content [matLine] + [matLine],\n    :host ::ng-deep mat-list mat-list-item.mat-2-line .mat-list-item-content [matLine] + [matLine],\n    :host ::ng-deep mat-list[dense] a[mat-list-item].mat-2-line .mat-list-item-content [matLine] + [matLine],\n    :host ::ng-deep mat-list[dense] mat-list-item.mat-2-line .mat-list-item-content [matLine] + [matLine],\n    :host ::ng-deep mat-nav-list a[mat-list-item].mat-2-line .mat-list-item-content [matLine] + [matLine],\n    :host ::ng-deep mat-nav-list mat-list-item.mat-2-line .mat-list-item-content [matLine] + [matLine],\n    :host ::ng-deep mat-nav-list[dense] a[mat-list-item].mat-2-line .mat-list-item-content [matLine] + [matLine],\n    :host ::ng-deep mat-nav-list[dense] mat-list-item.mat-2-line .mat-list-item-content [matLine] + [matLine]{\n      margin-top:4px; }\n\n.td-menu-content{\n  max-height:calc(50vh);\n  overflow-y:auto; }\n"]}]}],"members":{}}},"origins":{"CovalentMenuModule":"./menu.module","TdMenuComponent":"./menu.component"},"importAs":"@covalent/core/menu"}