{"__symbolic":"module","version":4,"metadata":{"CovalentDataTableModule":{"__symbolic":"class","decorators":[{"__symbolic":"call","expression":{"__symbolic":"reference","module":"@angular/core","name":"NgModule","line":27,"character":1},"arguments":[{"imports":[{"__symbolic":"reference","module":"@angular/common","name":"CommonModule","line":29,"character":4},{"__symbolic":"reference","module":"@angular/material/checkbox","name":"MatCheckboxModule","line":30,"character":4},{"__symbolic":"reference","module":"@angular/material/tooltip","name":"MatTooltipModule","line":31,"character":4},{"__symbolic":"reference","module":"@angular/material/icon","name":"MatIconModule","line":32,"character":4},{"__symbolic":"reference","module":"@angular/material/core","name":"MatPseudoCheckboxModule","line":33,"character":4}],"declarations":[[{"__symbolic":"reference","name":"TdDataTableComponent"},{"__symbolic":"reference","name":"TdDataTableTemplateDirective"},{"__symbolic":"reference","name":"TdDataTableColumnComponent"},{"__symbolic":"reference","name":"TdDataTableCellComponent"},{"__symbolic":"reference","name":"TdDataTableRowComponent"},{"__symbolic":"reference","name":"TdDataTableColumnRowComponent"},{"__symbolic":"reference","name":"TdDataTableTableComponent"}]],"exports":[[{"__symbolic":"reference","name":"TdDataTableComponent"},{"__symbolic":"reference","name":"TdDataTableTemplateDirective"},{"__symbolic":"reference","name":"TdDataTableColumnComponent"},{"__symbolic":"reference","name":"TdDataTableCellComponent"},{"__symbolic":"reference","name":"TdDataTableRowComponent"},{"__symbolic":"reference","name":"TdDataTableColumnRowComponent"},{"__symbolic":"reference","name":"TdDataTableTableComponent"}]],"providers":[{"__symbolic":"reference","name":"DATA_TABLE_PROVIDER"}]}]}],"members":{}},"TdDataTableSortingOrder":{"Ascending":"ASC","Descending":"DESC"},"ITdDataTableColumnWidth":{"__symbolic":"interface"},"ITdDataTableColumn":{"__symbolic":"interface"},"ITdDataTableSelectEvent":{"__symbolic":"interface"},"ITdDataTableSelectAllEvent":{"__symbolic":"interface"},"ITdDataTableRowClickEvent":{"__symbolic":"interface"},"IInternalColumnWidth":{"__symbolic":"interface"},"TdDataTableBase":{"__symbolic":"class","members":{"__ctor__":[{"__symbolic":"constructor","parameters":[{"__symbolic":"reference","module":"@angular/core","name":"ChangeDetectorRef","line":80,"character":41}]}]}},"_TdDataTableMixinBase":{"__symbolic":"call","expression":{"__symbolic":"reference","module":"@covalent/core/common","name":"mixinControlValueAccessor","line":84,"character":37},"arguments":[{"__symbolic":"reference","name":"TdDataTableBase"},[]]},"TdDataTableComponent":{"__symbolic":"class","extends":{"__symbolic":"reference","name":"_TdDataTableMixinBase"},"decorators":[{"__symbolic":"call","expression":{"__symbolic":"reference","module":"@angular/core","name":"Component","line":86,"character":1},"arguments":[{"providers":[{"provide":{"__symbolic":"reference","module":"@angular/forms","name":"NG_VALUE_ACCESSOR","line":88,"character":13},"useExisting":{"__symbolic":"reference","name":"TdDataTableComponent"},"multi":true}],"selector":"td-data-table","styles":[":host{\n  display:block;\n  overflow:hidden; }\n  :host .td-data-table-scrollable{\n    position:relative;\n    overflow:auto;\n    height:calc(100% - 56px); }\n\ntable.td-data-table{\n  width:auto !important; }\n  table.td-data-table.mat-selectable tbody > tr.td-data-table-row{\n    -webkit-transition:background-color 0.2s;\n    transition:background-color 0.2s; }\n  table.td-data-table.mat-selectable .td-data-table-column:first-child > .td-data-table-column-content-wrapper,\n  table.td-data-table.mat-selectable th.td-data-table-column:first-child > .td-data-table-column-content-wrapper,\n  table.td-data-table.mat-selectable td.td-data-table-cell:first-child > .td-data-table-column-content-wrapper{\n    width:18px;\n    min-width:18px;\n    padding:0 24px; }\n  table.td-data-table.mat-selectable .td-data-table-column:nth-child(2) > .td-data-table-column-content-wrapper,\n  table.td-data-table.mat-selectable th.td-data-table-column:nth-child(2) > .td-data-table-column-content-wrapper,\n  table.td-data-table.mat-selectable td.td-data-table-cell:nth-child(2) > .td-data-table-column-content-wrapper{\n    padding-left:0; }\n  [dir='rtl'] table.td-data-table.mat-selectable .td-data-table-column:nth-child(2) > .td-data-table-column-content-wrapper, [dir='rtl']\n  table.td-data-table.mat-selectable th.td-data-table-column:nth-child(2) > .td-data-table-column-content-wrapper, [dir='rtl']\n  table.td-data-table.mat-selectable td.td-data-table-cell:nth-child(2) > .td-data-table-column-content-wrapper{\n    padding-right:0;\n    padding-left:28px; }\n  table.td-data-table td.mat-checkbox-cell,\n  table.td-data-table th.mat-checkbox-column{\n    min-width:42px;\n    width:42px;\n    font-size:0 !important; }\n    table.td-data-table td.mat-checkbox-cell mat-pseudo-checkbox,\n    table.td-data-table th.mat-checkbox-column mat-pseudo-checkbox{\n      width:18px;\n      height:18px; }\n      ::ng-deep table.td-data-table td.mat-checkbox-cell mat-pseudo-checkbox.mat-pseudo-checkbox-checked::after, ::ng-deep\n      table.td-data-table th.mat-checkbox-column mat-pseudo-checkbox.mat-pseudo-checkbox-checked::after{\n        width:11px !important;\n        height:4px !important; }\n    table.td-data-table td.mat-checkbox-cell mat-checkbox ::ng-deep .mat-checkbox-inner-container,\n    table.td-data-table th.mat-checkbox-column mat-checkbox ::ng-deep .mat-checkbox-inner-container{\n      width:18px;\n      height:18px;\n      margin:0; }\n"],"template":"<table td-data-table\n        [style.left.px]=\"columnsLeftScroll\"\n        [class.mat-selectable]=\"selectable\">\n  <thead class=\"td-data-table-head\">\n    <tr td-data-table-column-row>\n      <th td-data-table-column class=\"mat-checkbox-column\" *ngIf=\"selectable\">\n        <mat-checkbox\n          #checkBoxAll\n          *ngIf=\"multiple\"\n          [disabled]=\"!hasData\"\n          [indeterminate]=\"indeterminate && !allSelected && hasData\"\n          [checked]=\"allSelected && hasData\"\n          (click)=\"blockEvent($event); selectAll(!checkBoxAll.checked)\"\n          (keyup.enter)=\"selectAll(!checkBoxAll.checked)\"\n          (keyup.space)=\"selectAll(!checkBoxAll.checked)\"\n          (keydown.space)=\"blockEvent($event)\">\n        </mat-checkbox>\n      </th>\n      <th td-data-table-column\n          #columnElement\n          *ngFor=\"let column of columns; let i = index;\"\n          [style.min-width.px]=\"getColumnWidth(i)\"\n          [style.max-width.px]=\"getColumnWidth(i)\"\n          [name]=\"column.name\"\n          [numeric]=\"column.numeric\"\n          [active]=\"(column.sortable || sortable) && column === sortByColumn\"\n          [sortable]=\"column.sortable || (sortable && column.sortable !== false)\"\n          [sortOrder]=\"sortOrderEnum\"\n          [hidden]=\"column.hidden\"\n          (sortChange)=\"handleSort(column)\">\n          <span [matTooltip]=\"column.tooltip\">{{column.label}}</span>\n      </th>\n    </tr>\n  </thead>\n</table>\n<div #scrollableDiv class=\"td-data-table-scrollable\"\n      (scroll)=\"handleScroll($event)\">\n  <div [style.height.px]=\"totalHeight\"></div>\n  <table td-data-table\n          [style.transform]=\"offsetTransform\"\n          [style.position]=\"'absolute'\"\n          [class.mat-selectable]=\"selectable\"\n          [class.mat-clickable]=\"clickable\">\n    <tbody class=\"td-data-table-body\">\n      <tr td-data-table-row\n          #dtRow\n          [tabIndex]=\"selectable ? 0 : -1\"\n          [selected]=\"(clickable || selectable) && isRowSelected(row)\"\n          *ngFor=\"let row of virtualData; let rowIndex = index\"\n          (click)=\"handleRowClick(row, fromRow + rowIndex, $event)\"\n          (keyup)=\"selectable && _rowKeyup($event, row, rowIndex)\"\n          (keydown.space)=\"blockEvent($event)\"\n          (keydown.shift.space)=\"blockEvent($event)\"\n          (keydown.shift)=\"disableTextSelection()\"\n          (keyup.shift)=\"enableTextSelection()\">\n        <td td-data-table-cell class=\"mat-checkbox-cell\" *ngIf=\"selectable\">\n          <mat-pseudo-checkbox\n            [state]=\"dtRow.selected ? 'checked' : 'unchecked'\"\n            (mousedown)=\"disableTextSelection()\"\n            (mouseup)=\"enableTextSelection()\"\n            stopRowClick\n            (click)=\"select(row, $event, fromRow + rowIndex)\">\n          </mat-pseudo-checkbox>\n        </td>\n        <td td-data-table-cell\n            [numeric]=\"column.numeric\"\n            [hidden]=\"column.hidden\"\n            *ngFor=\"let column of columns; let i = index\"\n            [style.min-width.px]=\"getColumnWidth(i)\"\n            [style.max-width.px]=\"getColumnWidth(i)\">\n          <span *ngIf=\"!getTemplateRef(column.name)\">{{column.format ? column.format(getCellValue(column, row)) : getCellValue(column, row)}}</span>\n          <ng-template\n            *ngIf=\"getTemplateRef(column.name)\"\n            [ngTemplateOutlet]=\"getTemplateRef(column.name)\"\n            [ngTemplateOutletContext]=\"{ value: getCellValue(column, row), row: row, column: column.name }\">\n          </ng-template>\n        </td>\n      </tr>\n    </tbody>\n  </table>\n</div>\n<ng-content></ng-content>\n","inputs":["value"],"changeDetection":{"__symbolic":"select","expression":{"__symbolic":"reference","module":"@angular/core","name":"ChangeDetectionStrategy","line":224,"character":19},"member":"OnPush"}}]}],"members":{"_templates":[{"__symbolic":"property","decorators":[{"__symbolic":"call","expression":{"__symbolic":"reference","module":"@angular/core","name":"ContentChildren","line":323,"character":3},"arguments":[{"__symbolic":"reference","name":"TdDataTableTemplateDirective"}]}]}],"_scrollableDiv":[{"__symbolic":"property","decorators":[{"__symbolic":"call","expression":{"__symbolic":"reference","module":"@angular/core","name":"ViewChild","line":325,"character":3},"arguments":["scrollableDiv"]}]}],"_colElements":[{"__symbolic":"property","decorators":[{"__symbolic":"call","expression":{"__symbolic":"reference","module":"@angular/core","name":"ViewChildren","line":327,"character":3},"arguments":["columnElement"]}]}],"_rows":[{"__symbolic":"property","decorators":[{"__symbolic":"call","expression":{"__symbolic":"reference","module":"@angular/core","name":"ViewChildren","line":329,"character":3},"arguments":[{"__symbolic":"reference","name":"TdDataTableRowComponent"}]}]}],"data":[{"__symbolic":"property","decorators":[{"__symbolic":"call","expression":{"__symbolic":"reference","module":"@angular/core","name":"Input","line":357,"character":3},"arguments":["data"]}]}],"columns":[{"__symbolic":"property","decorators":[{"__symbolic":"call","expression":{"__symbolic":"reference","module":"@angular/core","name":"Input","line":380,"character":3},"arguments":["columns"]}]}],"selectable":[{"__symbolic":"property","decorators":[{"__symbolic":"call","expression":{"__symbolic":"reference","module":"@angular/core","name":"Input","line":409,"character":3},"arguments":["selectable"]}]}],"clickable":[{"__symbolic":"property","decorators":[{"__symbolic":"call","expression":{"__symbolic":"reference","module":"@angular/core","name":"Input","line":422,"character":3},"arguments":["clickable"]}]}],"multiple":[{"__symbolic":"property","decorators":[{"__symbolic":"call","expression":{"__symbolic":"reference","module":"@angular/core","name":"Input","line":435,"character":3},"arguments":["multiple"]}]}],"sortable":[{"__symbolic":"property","decorators":[{"__symbolic":"call","expression":{"__symbolic":"reference","module":"@angular/core","name":"Input","line":448,"character":3},"arguments":["sortable"]}]}],"sortBy":[{"__symbolic":"property","decorators":[{"__symbolic":"call","expression":{"__symbolic":"reference","module":"@angular/core","name":"Input","line":460,"character":3},"arguments":["sortBy"]}]}],"sortOrder":[{"__symbolic":"property","decorators":[{"__symbolic":"call","expression":{"__symbolic":"reference","module":"@angular/core","name":"Input","line":481,"character":3},"arguments":["sortOrder"]}]}],"onSortChange":[{"__symbolic":"property","decorators":[{"__symbolic":"call","expression":{"__symbolic":"reference","module":"@angular/core","name":"Output","line":504,"character":3},"arguments":["sortChange"]}]}],"onRowSelect":[{"__symbolic":"property","decorators":[{"__symbolic":"call","expression":{"__symbolic":"reference","module":"@angular/core","name":"Output","line":512,"character":3},"arguments":["rowSelect"]}]}],"onRowClick":[{"__symbolic":"property","decorators":[{"__symbolic":"call","expression":{"__symbolic":"reference","module":"@angular/core","name":"Output","line":519,"character":3},"arguments":["rowClick"]}]}],"onSelectAll":[{"__symbolic":"property","decorators":[{"__symbolic":"call","expression":{"__symbolic":"reference","module":"@angular/core","name":"Output","line":526,"character":3},"arguments":["selectAll"]}]}],"__ctor__":[{"__symbolic":"constructor","parameterDecorators":[[{"__symbolic":"call","expression":{"__symbolic":"reference","module":"@angular/core","name":"Optional","line":529,"character":15}},{"__symbolic":"call","expression":{"__symbolic":"reference","module":"@angular/core","name":"Inject","line":529,"character":27},"arguments":[{"__symbolic":"reference","module":"@angular/platform-browser","name":"DOCUMENT","line":529,"character":34}]}],null,null,null],"parameters":[{"__symbolic":"reference","name":"any"},{"__symbolic":"reference","module":"@angular/core","name":"ElementRef","line":530,"character":35},{"__symbolic":"reference","module":"@angular/platform-browser","name":"DomSanitizer","line":531,"character":37},{"__symbolic":"reference","module":"@angular/core","name":"ChangeDetectorRef","line":80,"character":41}]}],"compareWith":[{"__symbolic":"property","decorators":[{"__symbolic":"call","expression":{"__symbolic":"reference","module":"@angular/core","name":"Input","line":541,"character":3},"arguments":["compareWith"]}]}],"ngOnInit":[{"__symbolic":"method"}],"ngAfterContentInit":[{"__symbolic":"method"}],"ngAfterContentChecked":[{"__symbolic":"method"}],"ngAfterViewInit":[{"__symbolic":"method"}],"ngOnDestroy":[{"__symbolic":"method"}],"handleScroll":[{"__symbolic":"method"}],"getColumnWidth":[{"__symbolic":"method"}],"getCellValue":[{"__symbolic":"method"}],"getTemplateRef":[{"__symbolic":"method"}],"clearModel":[{"__symbolic":"method"}],"refresh":[{"__symbolic":"method"}],"selectAll":[{"__symbolic":"method"}],"isRowSelected":[{"__symbolic":"method"}],"select":[{"__symbolic":"method"}],"disableTextSelection":[{"__symbolic":"method"}],"enableTextSelection":[{"__symbolic":"method"}],"handleRowClick":[{"__symbolic":"method"}],"handleSort":[{"__symbolic":"method"}],"_rowKeyup":[{"__symbolic":"method"}],"blockEvent":[{"__symbolic":"method"}],"_getNestedValue":[{"__symbolic":"method"}],"_doSelection":[{"__symbolic":"method"}],"_calculateCheckboxState":[{"__symbolic":"method"}],"_calculateWidths":[{"__symbolic":"method"}],"_adjustColumnWidhts":[{"__symbolic":"method"}],"_adjustColumnWidth":[{"__symbolic":"method"}],"_calculateWidth":[{"__symbolic":"method"}],"_calculateVirtualRows":[{"__symbolic":"method"}]}},"TdDataTableCellComponent":{"__symbolic":"class","decorators":[{"__symbolic":"call","expression":{"__symbolic":"reference","module":"@angular/core","name":"Component","line":2,"character":1},"arguments":[{"selector":"td[td-data-table-cell]","styles":[":host{\n  vertical-align:middle;\n  text-align:left;\n  padding:0; }\n  html[dir=rtl] :host{\n    text-align:right;\n    unicode-bidi:embed; }\n  body[dir=rtl] :host{\n    text-align:right;\n    unicode-bidi:embed; }\n  [dir=rtl] :host{\n    text-align:right;\n    unicode-bidi:embed; }\n  :host bdo[dir=rtl]{\n    direction:rtl;\n    unicode-bidi:bidi-override; }\n  :host bdo[dir=ltr]{\n    direction:ltr;\n    unicode-bidi:bidi-override; }\n  :host > .td-data-table-cell-content-wrapper{\n    padding:0 28px;\n    -webkit-box-sizing:border-box;\n            box-sizing:border-box;\n    display:-webkit-box;\n    display:-ms-flexbox;\n    display:flex;\n    -webkit-box-orient:horizontal;\n    -webkit-box-direction:normal;\n        -ms-flex-direction:row;\n            flex-direction:row;\n    -webkit-box-align:center;\n        -ms-flex-align:center;\n            align-items:center;\n    -ms-flex-line-pack:center;\n        align-content:center;\n    max-width:100%;\n    -webkit-box-pack:start;\n        -ms-flex-pack:start;\n            justify-content:start; }\n    :host > .td-data-table-cell-content-wrapper.td-data-table-cell-numeric{\n      -webkit-box-pack:end;\n          -ms-flex-pack:end;\n              justify-content:flex-end; }\n  :host:first-child > .td-data-table-cell-content-wrapper{\n    padding-left:24px;\n    padding-right:initial; }\n    html[dir=rtl] :host:first-child > .td-data-table-cell-content-wrapper{\n      padding-left:initial;\n      unicode-bidi:embed; }\n    body[dir=rtl] :host:first-child > .td-data-table-cell-content-wrapper{\n      padding-left:initial;\n      unicode-bidi:embed; }\n    [dir=rtl] :host:first-child > .td-data-table-cell-content-wrapper{\n      padding-left:initial;\n      unicode-bidi:embed; }\n    :host:first-child > .td-data-table-cell-content-wrapper bdo[dir=rtl]{\n      direction:rtl;\n      unicode-bidi:bidi-override; }\n    :host:first-child > .td-data-table-cell-content-wrapper bdo[dir=ltr]{\n      direction:ltr;\n      unicode-bidi:bidi-override; }\n    html[dir=rtl] :host:first-child > .td-data-table-cell-content-wrapper{\n      padding-right:24px;\n      unicode-bidi:embed; }\n    body[dir=rtl] :host:first-child > .td-data-table-cell-content-wrapper{\n      padding-right:24px;\n      unicode-bidi:embed; }\n    [dir=rtl] :host:first-child > .td-data-table-cell-content-wrapper{\n      padding-right:24px;\n      unicode-bidi:embed; }\n    :host:first-child > .td-data-table-cell-content-wrapper bdo[dir=rtl]{\n      direction:rtl;\n      unicode-bidi:bidi-override; }\n    :host:first-child > .td-data-table-cell-content-wrapper bdo[dir=ltr]{\n      direction:ltr;\n      unicode-bidi:bidi-override; }\n  :host:last-child > .td-data-table-cell-content-wrapper{\n    padding-left:28px;\n    padding-right:24px; }\n    html[dir=rtl] :host:last-child > .td-data-table-cell-content-wrapper{\n      padding-left:24px;\n      unicode-bidi:embed; }\n    body[dir=rtl] :host:last-child > .td-data-table-cell-content-wrapper{\n      padding-left:24px;\n      unicode-bidi:embed; }\n    [dir=rtl] :host:last-child > .td-data-table-cell-content-wrapper{\n      padding-left:24px;\n      unicode-bidi:embed; }\n    :host:last-child > .td-data-table-cell-content-wrapper bdo[dir=rtl]{\n      direction:rtl;\n      unicode-bidi:bidi-override; }\n    :host:last-child > .td-data-table-cell-content-wrapper bdo[dir=ltr]{\n      direction:ltr;\n      unicode-bidi:bidi-override; }\n    html[dir=rtl] :host:last-child > .td-data-table-cell-content-wrapper{\n      padding-right:28px;\n      unicode-bidi:embed; }\n    body[dir=rtl] :host:last-child > .td-data-table-cell-content-wrapper{\n      padding-right:28px;\n      unicode-bidi:embed; }\n    [dir=rtl] :host:last-child > .td-data-table-cell-content-wrapper{\n      padding-right:28px;\n      unicode-bidi:embed; }\n    :host:last-child > .td-data-table-cell-content-wrapper bdo[dir=rtl]{\n      direction:rtl;\n      unicode-bidi:bidi-override; }\n    :host:last-child > .td-data-table-cell-content-wrapper bdo[dir=ltr]{\n      direction:ltr;\n      unicode-bidi:bidi-override; }\n  :host > *{\n    vertical-align:middle; }\n  :host.mat-clickable{\n    cursor:pointer; }\n    :host.mat-clickable:focus{\n      outline:none; }\n  :host.mat-numeric{\n    text-align:right; }\n    html[dir=rtl] :host.mat-numeric{\n      text-align:left;\n      unicode-bidi:embed; }\n    body[dir=rtl] :host.mat-numeric{\n      text-align:left;\n      unicode-bidi:embed; }\n    [dir=rtl] :host.mat-numeric{\n      text-align:left;\n      unicode-bidi:embed; }\n    :host.mat-numeric bdo[dir=rtl]{\n      direction:rtl;\n      unicode-bidi:bidi-override; }\n    :host.mat-numeric bdo[dir=ltr]{\n      direction:ltr;\n      unicode-bidi:bidi-override; }\n"],"template":"<div class=\"td-data-table-cell-content-wrapper\"\n     [class.td-data-table-cell-numeric]=\"numeric\">\n  <ng-content></ng-content>\n</div>"}]}],"members":{"numeric":[{"__symbolic":"property","decorators":[{"__symbolic":"call","expression":{"__symbolic":"reference","module":"@angular/core","name":"Input","line":150,"character":3},"arguments":["numeric"]}]}],"bindNumeric":[{"__symbolic":"property","decorators":[{"__symbolic":"call","expression":{"__symbolic":"reference","module":"@angular/core","name":"HostBinding","line":152,"character":3},"arguments":["class.mat-numeric"]}]}],"__ctor__":[{"__symbolic":"constructor","parameters":[{"__symbolic":"reference","module":"@angular/core","name":"ElementRef","line":157,"character":35},{"__symbolic":"reference","module":"@angular/core","name":"Renderer2","line":157,"character":66}]}]}},"ITdDataTableSortChangeEvent":{"__symbolic":"interface"},"TdDataTableColumnComponent":{"__symbolic":"class","decorators":[{"__symbolic":"call","expression":{"__symbolic":"reference","module":"@angular/core","name":"Component","line":9,"character":1},"arguments":[{"selector":"th[td-data-table-column]","styles":[":host{\n  white-space:nowrap;\n  position:relative;\n  padding:0;\n  vertical-align:middle;\n  text-align:left; }\n  :host > .td-data-table-heading{\n    padding:0 28px; }\n  :host:first-child > .td-data-table-heading{\n    padding-left:24px;\n    padding-right:initial; }\n    html[dir=rtl] :host:first-child > .td-data-table-heading{\n      padding-left:initial;\n      unicode-bidi:embed; }\n    body[dir=rtl] :host:first-child > .td-data-table-heading{\n      padding-left:initial;\n      unicode-bidi:embed; }\n    [dir=rtl] :host:first-child > .td-data-table-heading{\n      padding-left:initial;\n      unicode-bidi:embed; }\n    :host:first-child > .td-data-table-heading bdo[dir=rtl]{\n      direction:rtl;\n      unicode-bidi:bidi-override; }\n    :host:first-child > .td-data-table-heading bdo[dir=ltr]{\n      direction:ltr;\n      unicode-bidi:bidi-override; }\n    html[dir=rtl] :host:first-child > .td-data-table-heading{\n      padding-right:24px;\n      unicode-bidi:embed; }\n    body[dir=rtl] :host:first-child > .td-data-table-heading{\n      padding-right:24px;\n      unicode-bidi:embed; }\n    [dir=rtl] :host:first-child > .td-data-table-heading{\n      padding-right:24px;\n      unicode-bidi:embed; }\n    :host:first-child > .td-data-table-heading bdo[dir=rtl]{\n      direction:rtl;\n      unicode-bidi:bidi-override; }\n    :host:first-child > .td-data-table-heading bdo[dir=ltr]{\n      direction:ltr;\n      unicode-bidi:bidi-override; }\n  :host:last-child > .td-data-table-heading{\n    padding-left:28px;\n    padding-right:24px; }\n    html[dir=rtl] :host:last-child > .td-data-table-heading{\n      padding-left:24px;\n      unicode-bidi:embed; }\n    body[dir=rtl] :host:last-child > .td-data-table-heading{\n      padding-left:24px;\n      unicode-bidi:embed; }\n    [dir=rtl] :host:last-child > .td-data-table-heading{\n      padding-left:24px;\n      unicode-bidi:embed; }\n    :host:last-child > .td-data-table-heading bdo[dir=rtl]{\n      direction:rtl;\n      unicode-bidi:bidi-override; }\n    :host:last-child > .td-data-table-heading bdo[dir=ltr]{\n      direction:ltr;\n      unicode-bidi:bidi-override; }\n    html[dir=rtl] :host:last-child > .td-data-table-heading{\n      padding-right:28px;\n      unicode-bidi:embed; }\n    body[dir=rtl] :host:last-child > .td-data-table-heading{\n      padding-right:28px;\n      unicode-bidi:embed; }\n    [dir=rtl] :host:last-child > .td-data-table-heading{\n      padding-right:28px;\n      unicode-bidi:embed; }\n    :host:last-child > .td-data-table-heading bdo[dir=rtl]{\n      direction:rtl;\n      unicode-bidi:bidi-override; }\n    :host:last-child > .td-data-table-heading bdo[dir=ltr]{\n      direction:ltr;\n      unicode-bidi:bidi-override; }\n  :host mat-icon{\n    height:16px;\n    width:16px;\n    font-size:16px !important;\n    line-height:16px !important; }\n    :host mat-icon.td-data-table-sort-icon{\n      opacity:0;\n      -webkit-transition:-webkit-transform 0.25s;\n      transition:-webkit-transform 0.25s;\n      transition:transform 0.25s;\n      transition:transform 0.25s, -webkit-transform 0.25s;\n      position:absolute;\n      top:0; }\n      :host mat-icon.td-data-table-sort-icon.mat-asc{\n        -webkit-transform:rotate(0deg);\n                transform:rotate(0deg); }\n      :host mat-icon.td-data-table-sort-icon.mat-desc{\n        -webkit-transform:rotate(180deg);\n                transform:rotate(180deg); }\n  :host:hover.mat-sortable mat-icon.td-data-table-sort-icon,\n  :host.mat-active.mat-sortable mat-icon.td-data-table-sort-icon{\n    opacity:1; }\n  html[dir=rtl] :host{\n    text-align:right;\n    unicode-bidi:embed; }\n  body[dir=rtl] :host{\n    text-align:right;\n    unicode-bidi:embed; }\n  [dir=rtl] :host{\n    text-align:right;\n    unicode-bidi:embed; }\n  :host bdo[dir=rtl]{\n    direction:rtl;\n    unicode-bidi:bidi-override; }\n  :host bdo[dir=ltr]{\n    direction:ltr;\n    unicode-bidi:bidi-override; }\n  :host > *{\n    vertical-align:middle; }\n  :host.mat-clickable{\n    cursor:pointer; }\n    :host.mat-clickable:focus{\n      outline:none; }\n  :host .td-data-table-heading{\n    display:inline-block;\n    position:relative; }\n  :host.mat-numeric{\n    text-align:right; }\n    html[dir=rtl] :host.mat-numeric{\n      text-align:left;\n      unicode-bidi:embed; }\n    body[dir=rtl] :host.mat-numeric{\n      text-align:left;\n      unicode-bidi:embed; }\n    [dir=rtl] :host.mat-numeric{\n      text-align:left;\n      unicode-bidi:embed; }\n    :host.mat-numeric bdo[dir=rtl]{\n      direction:rtl;\n      unicode-bidi:bidi-override; }\n    :host.mat-numeric bdo[dir=ltr]{\n      direction:ltr;\n      unicode-bidi:bidi-override; }\n    :host.mat-numeric mat-icon.td-data-table-sort-icon{\n      margin-left:-22px;\n      margin-right:initial; }\n      html[dir=rtl] :host.mat-numeric mat-icon.td-data-table-sort-icon{\n        margin-left:initial;\n        unicode-bidi:embed; }\n      body[dir=rtl] :host.mat-numeric mat-icon.td-data-table-sort-icon{\n        margin-left:initial;\n        unicode-bidi:embed; }\n      [dir=rtl] :host.mat-numeric mat-icon.td-data-table-sort-icon{\n        margin-left:initial;\n        unicode-bidi:embed; }\n      :host.mat-numeric mat-icon.td-data-table-sort-icon bdo[dir=rtl]{\n        direction:rtl;\n        unicode-bidi:bidi-override; }\n      :host.mat-numeric mat-icon.td-data-table-sort-icon bdo[dir=ltr]{\n        direction:ltr;\n        unicode-bidi:bidi-override; }\n      html[dir=rtl] :host.mat-numeric mat-icon.td-data-table-sort-icon{\n        margin-right:-22px;\n        unicode-bidi:embed; }\n      body[dir=rtl] :host.mat-numeric mat-icon.td-data-table-sort-icon{\n        margin-right:-22px;\n        unicode-bidi:embed; }\n      [dir=rtl] :host.mat-numeric mat-icon.td-data-table-sort-icon{\n        margin-right:-22px;\n        unicode-bidi:embed; }\n      :host.mat-numeric mat-icon.td-data-table-sort-icon bdo[dir=rtl]{\n        direction:rtl;\n        unicode-bidi:bidi-override; }\n      :host.mat-numeric mat-icon.td-data-table-sort-icon bdo[dir=ltr]{\n        direction:ltr;\n        unicode-bidi:bidi-override; }\n  :host:not(.mat-numeric) mat-icon.td-data-table-sort-icon{\n    margin-left:6px;\n    margin-right:initial; }\n    html[dir=rtl] :host:not(.mat-numeric) mat-icon.td-data-table-sort-icon{\n      margin-left:initial;\n      unicode-bidi:embed; }\n    body[dir=rtl] :host:not(.mat-numeric) mat-icon.td-data-table-sort-icon{\n      margin-left:initial;\n      unicode-bidi:embed; }\n    [dir=rtl] :host:not(.mat-numeric) mat-icon.td-data-table-sort-icon{\n      margin-left:initial;\n      unicode-bidi:embed; }\n    :host:not(.mat-numeric) mat-icon.td-data-table-sort-icon bdo[dir=rtl]{\n      direction:rtl;\n      unicode-bidi:bidi-override; }\n    :host:not(.mat-numeric) mat-icon.td-data-table-sort-icon bdo[dir=ltr]{\n      direction:ltr;\n      unicode-bidi:bidi-override; }\n    html[dir=rtl] :host:not(.mat-numeric) mat-icon.td-data-table-sort-icon{\n      margin-right:6px;\n      unicode-bidi:embed; }\n    body[dir=rtl] :host:not(.mat-numeric) mat-icon.td-data-table-sort-icon{\n      margin-right:6px;\n      unicode-bidi:embed; }\n    [dir=rtl] :host:not(.mat-numeric) mat-icon.td-data-table-sort-icon{\n      margin-right:6px;\n      unicode-bidi:embed; }\n    :host:not(.mat-numeric) mat-icon.td-data-table-sort-icon bdo[dir=rtl]{\n      direction:rtl;\n      unicode-bidi:bidi-override; }\n    :host:not(.mat-numeric) mat-icon.td-data-table-sort-icon bdo[dir=ltr]{\n      direction:ltr;\n      unicode-bidi:bidi-override; }\n"],"template":"<span #columnContent class=\"td-data-table-heading\">\n  <mat-icon \n    class=\"td-data-table-sort-icon\" \n    *ngIf=\"sortable && numeric\"\n    [class.mat-asc]=\"(!(active) || isAscending())\"\n    [class.mat-desc]=\"(active && isDescending())\">\n    arrow_upward\n  </mat-icon>\n  <span>\n    <ng-content></ng-content>\n  </span>\n  <mat-icon \n    class=\"td-data-table-sort-icon\" \n    *ngIf=\"sortable && !numeric\"\n    [class.mat-asc]=\"(!(active) || isAscending())\"\n    [class.mat-desc]=\"(active && isDescending())\">\n    arrow_upward\n  </mat-icon>\n</span>\n"}]}],"members":{"_columnContent":[{"__symbolic":"property","decorators":[{"__symbolic":"call","expression":{"__symbolic":"reference","module":"@angular/core","name":"ViewChild","line":241,"character":3},"arguments":["columnContent",{"read":{"__symbolic":"reference","module":"@angular/core","name":"ElementRef","line":241,"character":37}}]}]}],"name":[{"__symbolic":"property","decorators":[{"__symbolic":"call","expression":{"__symbolic":"reference","module":"@angular/core","name":"Input","line":254,"character":3},"arguments":["name"]}]}],"sortable":[{"__symbolic":"property","decorators":[{"__symbolic":"call","expression":{"__symbolic":"reference","module":"@angular/core","name":"Input","line":261,"character":3},"arguments":["sortable"]}]}],"active":[{"__symbolic":"property","decorators":[{"__symbolic":"call","expression":{"__symbolic":"reference","module":"@angular/core","name":"Input","line":268,"character":3},"arguments":["active"]}]}],"numeric":[{"__symbolic":"property","decorators":[{"__symbolic":"call","expression":{"__symbolic":"reference","module":"@angular/core","name":"Input","line":275,"character":3},"arguments":["numeric"]}]}],"sortOrder":[{"__symbolic":"property","decorators":[{"__symbolic":"call","expression":{"__symbolic":"reference","module":"@angular/core","name":"Input","line":282,"character":3},"arguments":["sortOrder"]}]}],"onSortChange":[{"__symbolic":"property","decorators":[{"__symbolic":"call","expression":{"__symbolic":"reference","module":"@angular/core","name":"Output","line":298,"character":3},"arguments":["sortChange"]}]}],"bindClickable":[{"__symbolic":"property","decorators":[{"__symbolic":"call","expression":{"__symbolic":"reference","module":"@angular/core","name":"HostBinding","line":301,"character":3},"arguments":["class.mat-clickable"]}]}],"bingSortable":[{"__symbolic":"property","decorators":[{"__symbolic":"call","expression":{"__symbolic":"reference","module":"@angular/core","name":"HostBinding","line":306,"character":3},"arguments":["class.mat-sortable"]}]}],"bindActive":[{"__symbolic":"property","decorators":[{"__symbolic":"call","expression":{"__symbolic":"reference","module":"@angular/core","name":"HostBinding","line":311,"character":3},"arguments":["class.mat-active"]}]}],"bindNumeric":[{"__symbolic":"property","decorators":[{"__symbolic":"call","expression":{"__symbolic":"reference","module":"@angular/core","name":"HostBinding","line":316,"character":3},"arguments":["class.mat-numeric"]}]}],"__ctor__":[{"__symbolic":"constructor","parameters":[{"__symbolic":"reference","module":"@angular/core","name":"ElementRef","line":321,"character":35},{"__symbolic":"reference","module":"@angular/core","name":"Renderer2","line":321,"character":66}]}],"handleClick":[{"__symbolic":"method","decorators":[{"__symbolic":"call","expression":{"__symbolic":"reference","module":"@angular/core","name":"HostListener","line":328,"character":3},"arguments":["click"]}]}],"isAscending":[{"__symbolic":"method"}],"isDescending":[{"__symbolic":"method"}]}},"TdDataTableColumnRowComponent":{"__symbolic":"class","decorators":[{"__symbolic":"call","expression":{"__symbolic":"reference","module":"@angular/core","name":"Component","line":5,"character":1},"arguments":[{"selector":"tr[td-data-table-column-row]","styles":[":host{\n  border-bottom-style:solid;\n  border-bottom-width:1px; }\n\n:host.td-data-table-row{\n  height:48px; }\n\n:host.td-data-table-column-row{\n  height:56px; }\n"],"template":"<ng-content></ng-content>"}]}],"members":{"__ctor__":[{"__symbolic":"constructor","parameters":[{"__symbolic":"reference","module":"@angular/core","name":"ElementRef","line":22,"character":37},{"__symbolic":"reference","module":"@angular/core","name":"Renderer2","line":22,"character":70}]}]}},"TdDataTableRowComponent":{"__symbolic":"class","decorators":[{"__symbolic":"call","expression":{"__symbolic":"reference","module":"@angular/core","name":"Component","line":28,"character":1},"arguments":[{"selector":"tr[td-data-table-row]","styles":[":host{\n  border-bottom-style:solid;\n  border-bottom-width:1px; }\n\n:host.td-data-table-row{\n  height:48px; }\n\n:host.td-data-table-column-row{\n  height:56px; }\n"],"template":"<ng-content></ng-content>"}]}],"members":{"selected":[{"__symbolic":"property","decorators":[{"__symbolic":"call","expression":{"__symbolic":"reference","module":"@angular/core","name":"Input","line":47,"character":3},"arguments":["selected"]}]}],"__ctor__":[{"__symbolic":"constructor","parameters":[{"__symbolic":"reference","module":"@angular/core","name":"ElementRef","line":22,"character":37},{"__symbolic":"reference","module":"@angular/core","name":"Renderer2","line":22,"character":70}]}],"clickListener":[{"__symbolic":"method","decorators":[{"__symbolic":"call","expression":{"__symbolic":"reference","module":"@angular/core","name":"HostListener","line":75,"character":3},"arguments":["click"]}]}],"focus":[{"__symbolic":"method"}]}},"TdDataTableTableComponent":{"__symbolic":"class","decorators":[{"__symbolic":"call","expression":{"__symbolic":"reference","module":"@angular/core","name":"Component","line":2,"character":1},"arguments":[{"selector":"table[td-data-table]","styles":[":host{\n  width:100%;\n  position:relative;\n  border-spacing:0;\n  overflow:hidden;\n  border-collapse:collapse; }\n"],"template":"<ng-content></ng-content>"}]}],"members":{"__ctor__":[{"__symbolic":"constructor","parameters":[{"__symbolic":"reference","module":"@angular/core","name":"ElementRef","line":16,"character":35},{"__symbolic":"reference","module":"@angular/core","name":"Renderer2","line":16,"character":66}]}]}},"TdDataTableTemplateDirective":{"__symbolic":"class","extends":{"__symbolic":"reference","module":"@angular/cdk/portal","name":"TemplatePortalDirective","line":4,"character":50},"decorators":[{"__symbolic":"call","expression":{"__symbolic":"reference","module":"@angular/core","name":"Directive","line":3,"character":1},"arguments":[{"selector":"[tdDataTableTemplate]ng-template"}]}],"members":{"tdDataTableTemplate":[{"__symbolic":"property","decorators":[{"__symbolic":"call","expression":{"__symbolic":"reference","module":"@angular/core","name":"Input","line":6,"character":3}}]}],"__ctor__":[{"__symbolic":"constructor","parameters":[{"__symbolic":"reference","name":"TemplateRef","module":"@angular/core","arguments":[{"__symbolic":"reference","name":"any"}]},{"__symbolic":"reference","module":"@angular/core","name":"ViewContainerRef","line":7,"character":63}]}]}},"TdDataTableService":{"__symbolic":"class","decorators":[{"__symbolic":"call","expression":{"__symbolic":"reference","module":"@angular/core","name":"Injectable","line":4,"character":1}}],"members":{"filterData":[{"__symbolic":"method"}],"sortData":[{"__symbolic":"method"}],"pageData":[{"__symbolic":"method"}]}},"DATA_TABLE_PROVIDER_FACTORY":{"__symbolic":"function","parameters":["parent"],"value":{"__symbolic":"binop","operator":"||","left":{"__symbolic":"reference","name":"parent"},"right":{"__symbolic":"new","expression":{"__symbolic":"reference","name":"TdDataTableService"}}}},"DATA_TABLE_PROVIDER":{"provide":{"__symbolic":"reference","name":"TdDataTableService"},"deps":[[{"__symbolic":"new","expression":{"__symbolic":"reference","module":"@angular/core","name":"Optional","line":87,"character":14}},{"__symbolic":"new","expression":{"__symbolic":"reference","module":"@angular/core","name":"SkipSelf","line":87,"character":30}},{"__symbolic":"reference","name":"TdDataTableService"}]],"useFactory":{"__symbolic":"reference","name":"DATA_TABLE_PROVIDER_FACTORY"}}},"origins":{"CovalentDataTableModule":"./data-table.module","TdDataTableSortingOrder":"./data-table.component","ITdDataTableColumnWidth":"./data-table.component","ITdDataTableColumn":"./data-table.component","ITdDataTableSelectEvent":"./data-table.component","ITdDataTableSelectAllEvent":"./data-table.component","ITdDataTableRowClickEvent":"./data-table.component","IInternalColumnWidth":"./data-table.component","TdDataTableBase":"./data-table.component","_TdDataTableMixinBase":"./data-table.component","TdDataTableComponent":"./data-table.component","TdDataTableCellComponent":"./data-table-cell/data-table-cell.component","ITdDataTableSortChangeEvent":"./data-table-column/data-table-column.component","TdDataTableColumnComponent":"./data-table-column/data-table-column.component","TdDataTableColumnRowComponent":"./data-table-row/data-table-row.component","TdDataTableRowComponent":"./data-table-row/data-table-row.component","TdDataTableTableComponent":"./data-table-table/data-table-table.component","TdDataTableTemplateDirective":"./directives/data-table-template.directive","TdDataTableService":"./services/data-table.service","DATA_TABLE_PROVIDER_FACTORY":"./services/data-table.service","DATA_TABLE_PROVIDER":"./services/data-table.service"},"importAs":"@covalent/core/data-table"}