{"__symbolic":"module","version":4,"metadata":{"CovalentCommonModule":{"__symbolic":"class","decorators":[{"__symbolic":"call","expression":{"__symbolic":"reference","module":"@angular/core","name":"NgModule","line":58,"character":1},"arguments":[{"imports":[{"__symbolic":"reference","module":"@angular/forms","name":"FormsModule","line":60,"character":4},{"__symbolic":"reference","module":"@angular/common","name":"CommonModule","line":61,"character":4}],"declarations":[[{"__symbolic":"reference","name":"TdAutoTrimDirective"}],[{"__symbolic":"reference","name":"TdTimeAgoPipe"},{"__symbolic":"reference","name":"TdTimeDifferencePipe"},{"__symbolic":"reference","name":"TdBytesPipe"},{"__symbolic":"reference","name":"TdDigitsPipe"},{"__symbolic":"reference","name":"TdTruncatePipe"}],[{"__symbolic":"reference","name":"TdToggleDirective"},{"__symbolic":"reference","name":"TdFadeDirective"}],[]],"exports":[{"__symbolic":"reference","module":"@angular/forms","name":"FormsModule","line":70,"character":4},{"__symbolic":"reference","module":"@angular/common","name":"CommonModule","line":71,"character":4},[{"__symbolic":"reference","name":"TdAutoTrimDirective"}],[{"__symbolic":"reference","name":"TdTimeAgoPipe"},{"__symbolic":"reference","name":"TdTimeDifferencePipe"},{"__symbolic":"reference","name":"TdBytesPipe"},{"__symbolic":"reference","name":"TdDigitsPipe"},{"__symbolic":"reference","name":"TdTruncatePipe"}],[{"__symbolic":"reference","name":"TdToggleDirective"},{"__symbolic":"reference","name":"TdFadeDirective"}],[]],"providers":[{"__symbolic":"reference","name":"ɵa"},{"__symbolic":"reference","name":"ɵb"}]}]}],"members":{}},"TdToggleDirective":{"__symbolic":"class","decorators":[{"__symbolic":"call","expression":{"__symbolic":"reference","module":"@angular/core","name":"Directive","line":3,"character":1},"arguments":[{"selector":"[tdToggle]"}]}],"members":{"duration":[{"__symbolic":"property","decorators":[{"__symbolic":"call","expression":{"__symbolic":"reference","module":"@angular/core","name":"Input","line":19,"character":3}}]}],"state":[{"__symbolic":"property","decorators":[{"__symbolic":"call","expression":{"__symbolic":"reference","module":"@angular/core","name":"Input","line":25,"character":3},"arguments":["tdToggle"]}]}],"ariaExpandedBinding":[{"__symbolic":"property","decorators":[{"__symbolic":"call","expression":{"__symbolic":"reference","module":"@angular/core","name":"HostBinding","line":46,"character":3},"arguments":["attr.aria-expanded"]}]}],"ariaHiddenBinding":[{"__symbolic":"property","decorators":[{"__symbolic":"call","expression":{"__symbolic":"reference","module":"@angular/core","name":"HostBinding","line":54,"character":3},"arguments":["attr.aria-hidden"]}]}],"__ctor__":[{"__symbolic":"constructor","parameters":[{"__symbolic":"reference","module":"@angular/core","name":"Renderer2","line":59,"character":33},{"__symbolic":"reference","module":"@angular/core","name":"ElementRef","line":60,"character":32},{"__symbolic":"reference","module":"@angular/core","name":"ChangeDetectorRef","line":61,"character":42},{"__symbolic":"reference","module":"@angular/animations","name":"AnimationBuilder","line":62,"character":41}]}],"hide":[{"__symbolic":"method"}],"show":[{"__symbolic":"method"}],"_onHideDone":[{"__symbolic":"method"}],"_onShowDone":[{"__symbolic":"method"}]}},"TdFadeDirective":{"__symbolic":"class","decorators":[{"__symbolic":"call","expression":{"__symbolic":"reference","module":"@angular/core","name":"Directive","line":3,"character":1},"arguments":[{"selector":"[tdFade]"}]}],"members":{"duration":[{"__symbolic":"property","decorators":[{"__symbolic":"call","expression":{"__symbolic":"reference","module":"@angular/core","name":"Input","line":18,"character":3}}]}],"state":[{"__symbolic":"property","decorators":[{"__symbolic":"call","expression":{"__symbolic":"reference","module":"@angular/core","name":"Input","line":24,"character":3},"arguments":["tdFade"]}]}],"onFadeIn":[{"__symbolic":"property","decorators":[{"__symbolic":"call","expression":{"__symbolic":"reference","module":"@angular/core","name":"Output","line":46,"character":3},"arguments":["fadeIn"]}]}],"onFadeOut":[{"__symbolic":"property","decorators":[{"__symbolic":"call","expression":{"__symbolic":"reference","module":"@angular/core","name":"Output","line":52,"character":3},"arguments":["fadeOut"]}]}],"ariaExpandedBinding":[{"__symbolic":"property","decorators":[{"__symbolic":"call","expression":{"__symbolic":"reference","module":"@angular/core","name":"HostBinding","line":57,"character":3},"arguments":["attr.aria-expanded"]}]}],"ariaHiddenBinding":[{"__symbolic":"property","decorators":[{"__symbolic":"call","expression":{"__symbolic":"reference","module":"@angular/core","name":"HostBinding","line":65,"character":3},"arguments":["attr.aria-hidden"]}]}],"__ctor__":[{"__symbolic":"constructor","parameters":[{"__symbolic":"reference","module":"@angular/core","name":"Renderer2","line":70,"character":33},{"__symbolic":"reference","module":"@angular/core","name":"ElementRef","line":71,"character":32},{"__symbolic":"reference","module":"@angular/core","name":"ChangeDetectorRef","line":72,"character":42},{"__symbolic":"reference","module":"@angular/animations","name":"AnimationBuilder","line":73,"character":41}]}],"hide":[{"__symbolic":"method"}],"show":[{"__symbolic":"method"}],"_onFadeInDone":[{"__symbolic":"method"}],"_onFadeOutDone":[{"__symbolic":"method"}]}},"IRotateAnimation":{"__symbolic":"interface"},"TdRotateAnimation":{"__symbolic":"function","parameters":["rotateOptions"],"defaults":[{}],"value":{"__symbolic":"call","expression":{"__symbolic":"reference","module":"@angular/animations","name":"trigger","line":23,"character":9},"arguments":[{"__symbolic":"binop","operator":"||","left":{"__symbolic":"select","expression":{"__symbolic":"reference","name":"rotateOptions"},"member":"anchor"},"right":"tdRotate"},[{"__symbolic":"call","expression":{"__symbolic":"reference","module":"@angular/animations","name":"state","line":24,"character":4},"arguments":["0",{"__symbolic":"call","expression":{"__symbolic":"reference","module":"@angular/animations","name":"style","line":24,"character":15},"arguments":[{"transform":"rotate(0deg)"}]}]},{"__symbolic":"call","expression":{"__symbolic":"reference","module":"@angular/animations","name":"state","line":27,"character":4},"arguments":["1",{"__symbolic":"call","expression":{"__symbolic":"reference","module":"@angular/animations","name":"style","line":27,"character":16},"arguments":[{"transform":{"__symbolic":"binop","operator":"+","left":{"__symbolic":"binop","operator":"+","left":"rotate(","right":{"__symbolic":"binop","operator":"||","left":{"__symbolic":"select","expression":{"__symbolic":"reference","name":"rotateOptions"},"member":"degrees"},"right":180}},"right":"deg)"}}]}]},{"__symbolic":"call","expression":{"__symbolic":"reference","module":"@angular/animations","name":"transition","line":30,"character":4},"arguments":["0 <=> 1",[{"__symbolic":"call","expression":{"__symbolic":"reference","module":"@angular/animations","name":"group","line":31,"character":6},"arguments":[[{"__symbolic":"call","expression":{"__symbolic":"reference","module":"@angular/animations","name":"query","line":32,"character":8},"arguments":["@*",{"__symbolic":"call","expression":{"__symbolic":"reference","module":"@angular/animations","name":"animateChild","line":32,"character":20}},{"optional":true}]},{"__symbolic":"call","expression":{"__symbolic":"reference","module":"@angular/animations","name":"animate","line":33,"character":8},"arguments":[{"__symbolic":"binop","operator":"+","left":{"__symbolic":"binop","operator":"+","left":{"__symbolic":"binop","operator":"+","left":{"__symbolic":"binop","operator":"+","left":{"__symbolic":"binop","operator":"||","left":{"__symbolic":"select","expression":{"__symbolic":"reference","name":"rotateOptions"},"member":"duration"},"right":250},"right":"ms "},"right":{"__symbolic":"binop","operator":"||","left":{"__symbolic":"select","expression":{"__symbolic":"reference","name":"rotateOptions"},"member":"delay"},"right":0}},"right":"ms "},"right":{"__symbolic":"binop","operator":"||","left":{"__symbolic":"select","expression":{"__symbolic":"reference","name":"rotateOptions"},"member":"ease"},"right":"ease-in"}}]}]]}]]}]]}},"ICollapseAnimation":{"__symbolic":"interface"},"TdCollapseAnimation":{"__symbolic":"function","parameters":["collapseOptions"],"defaults":[{}],"value":{"__symbolic":"call","expression":{"__symbolic":"reference","module":"@angular/animations","name":"trigger","line":24,"character":9},"arguments":[{"__symbolic":"binop","operator":"||","left":{"__symbolic":"select","expression":{"__symbolic":"reference","name":"collapseOptions"},"member":"anchor"},"right":"tdCollapse"},[{"__symbolic":"call","expression":{"__symbolic":"reference","module":"@angular/animations","name":"state","line":25,"character":4},"arguments":["1",{"__symbolic":"call","expression":{"__symbolic":"reference","module":"@angular/animations","name":"style","line":25,"character":15},"arguments":[{"height":"0","display":"none"}]}]},{"__symbolic":"call","expression":{"__symbolic":"reference","module":"@angular/animations","name":"state","line":29,"character":4},"arguments":["0",{"__symbolic":"call","expression":{"__symbolic":"reference","module":"@angular/animations","name":"style","line":29,"character":16},"arguments":[{"height":{"__symbolic":"reference","module":"@angular/animations","name":"AUTO_STYLE","line":30,"character":14},"display":{"__symbolic":"reference","module":"@angular/animations","name":"AUTO_STYLE","line":31,"character":15}}]}]},{"__symbolic":"call","expression":{"__symbolic":"reference","module":"@angular/animations","name":"transition","line":33,"character":4},"arguments":["0 => 1",[{"__symbolic":"call","expression":{"__symbolic":"reference","module":"@angular/animations","name":"group","line":34,"character":6},"arguments":[[{"__symbolic":"call","expression":{"__symbolic":"reference","module":"@angular/animations","name":"query","line":35,"character":8},"arguments":["@*",{"__symbolic":"call","expression":{"__symbolic":"reference","module":"@angular/animations","name":"animateChild","line":35,"character":20}},{"optional":true}]},{"__symbolic":"call","expression":{"__symbolic":"reference","module":"@angular/animations","name":"animate","line":36,"character":8},"arguments":[{"__symbolic":"binop","operator":"+","left":{"__symbolic":"binop","operator":"+","left":{"__symbolic":"binop","operator":"+","left":{"__symbolic":"binop","operator":"+","left":{"__symbolic":"binop","operator":"||","left":{"__symbolic":"select","expression":{"__symbolic":"reference","name":"collapseOptions"},"member":"duration"},"right":150},"right":"ms "},"right":{"__symbolic":"binop","operator":"||","left":{"__symbolic":"select","expression":{"__symbolic":"reference","name":"collapseOptions"},"member":"delay"},"right":0}},"right":"ms "},"right":{"__symbolic":"binop","operator":"||","left":{"__symbolic":"select","expression":{"__symbolic":"reference","name":"collapseOptions"},"member":"easeOnClose"},"right":"ease-in"}}]}]]}]]},{"__symbolic":"call","expression":{"__symbolic":"reference","module":"@angular/animations","name":"transition","line":41,"character":4},"arguments":["1 => 0",[{"__symbolic":"call","expression":{"__symbolic":"reference","module":"@angular/animations","name":"group","line":42,"character":6},"arguments":[[{"__symbolic":"call","expression":{"__symbolic":"reference","module":"@angular/animations","name":"query","line":43,"character":8},"arguments":["@*",{"__symbolic":"call","expression":{"__symbolic":"reference","module":"@angular/animations","name":"animateChild","line":43,"character":20}},{"optional":true}]},{"__symbolic":"call","expression":{"__symbolic":"reference","module":"@angular/animations","name":"animate","line":44,"character":8},"arguments":[{"__symbolic":"binop","operator":"+","left":{"__symbolic":"binop","operator":"+","left":{"__symbolic":"binop","operator":"+","left":{"__symbolic":"binop","operator":"+","left":{"__symbolic":"binop","operator":"||","left":{"__symbolic":"select","expression":{"__symbolic":"reference","name":"collapseOptions"},"member":"duration"},"right":150},"right":"ms "},"right":{"__symbolic":"binop","operator":"||","left":{"__symbolic":"select","expression":{"__symbolic":"reference","name":"collapseOptions"},"member":"delay"},"right":0}},"right":"ms "},"right":{"__symbolic":"binop","operator":"||","left":{"__symbolic":"select","expression":{"__symbolic":"reference","name":"collapseOptions"},"member":"easeOnOpen"},"right":"ease-out"}}]}]]}]]}]]}},"IFadeInOutAnimation":{"__symbolic":"interface"},"TdFadeInOutAnimation":{"__symbolic":"function","parameters":["fadeInOut"],"defaults":[{}],"value":{"__symbolic":"call","expression":{"__symbolic":"reference","module":"@angular/animations","name":"trigger","line":24,"character":9},"arguments":[{"__symbolic":"binop","operator":"||","left":{"__symbolic":"select","expression":{"__symbolic":"reference","name":"fadeInOut"},"member":"anchor"},"right":"tdFadeInOut"},[{"__symbolic":"call","expression":{"__symbolic":"reference","module":"@angular/animations","name":"state","line":25,"character":4},"arguments":["0",{"__symbolic":"call","expression":{"__symbolic":"reference","module":"@angular/animations","name":"style","line":25,"character":15},"arguments":[{"opacity":"0","display":"none"}]}]},{"__symbolic":"call","expression":{"__symbolic":"reference","module":"@angular/animations","name":"state","line":29,"character":4},"arguments":["1",{"__symbolic":"call","expression":{"__symbolic":"reference","module":"@angular/animations","name":"style","line":29,"character":16},"arguments":[{"opacity":{"__symbolic":"reference","module":"@angular/animations","name":"AUTO_STYLE","line":30,"character":15},"display":{"__symbolic":"reference","module":"@angular/animations","name":"AUTO_STYLE","line":31,"character":15}}]}]},{"__symbolic":"call","expression":{"__symbolic":"reference","module":"@angular/animations","name":"transition","line":33,"character":4},"arguments":["0 => 1",[{"__symbolic":"call","expression":{"__symbolic":"reference","module":"@angular/animations","name":"group","line":34,"character":6},"arguments":[[{"__symbolic":"call","expression":{"__symbolic":"reference","module":"@angular/animations","name":"query","line":35,"character":8},"arguments":["@*",{"__symbolic":"call","expression":{"__symbolic":"reference","module":"@angular/animations","name":"animateChild","line":35,"character":20}},{"optional":true}]},{"__symbolic":"call","expression":{"__symbolic":"reference","module":"@angular/animations","name":"animate","line":36,"character":8},"arguments":[{"__symbolic":"binop","operator":"+","left":{"__symbolic":"binop","operator":"+","left":{"__symbolic":"binop","operator":"+","left":{"__symbolic":"binop","operator":"+","left":{"__symbolic":"binop","operator":"||","left":{"__symbolic":"select","expression":{"__symbolic":"reference","name":"fadeInOut"},"member":"duration"},"right":150},"right":"ms "},"right":{"__symbolic":"binop","operator":"||","left":{"__symbolic":"select","expression":{"__symbolic":"reference","name":"fadeInOut"},"member":"delay"},"right":0}},"right":"ms "},"right":{"__symbolic":"binop","operator":"||","left":{"__symbolic":"select","expression":{"__symbolic":"reference","name":"fadeInOut"},"member":"easeOnIn"},"right":"ease-in"}}]}]]}]]},{"__symbolic":"call","expression":{"__symbolic":"reference","module":"@angular/animations","name":"transition","line":41,"character":4},"arguments":["1 => 0",[{"__symbolic":"call","expression":{"__symbolic":"reference","module":"@angular/animations","name":"group","line":42,"character":6},"arguments":[[{"__symbolic":"call","expression":{"__symbolic":"reference","module":"@angular/animations","name":"query","line":43,"character":8},"arguments":["@*",{"__symbolic":"call","expression":{"__symbolic":"reference","module":"@angular/animations","name":"animateChild","line":43,"character":20}},{"optional":true}]},{"__symbolic":"call","expression":{"__symbolic":"reference","module":"@angular/animations","name":"animate","line":44,"character":8},"arguments":[{"__symbolic":"binop","operator":"+","left":{"__symbolic":"binop","operator":"+","left":{"__symbolic":"binop","operator":"+","left":{"__symbolic":"binop","operator":"+","left":{"__symbolic":"binop","operator":"||","left":{"__symbolic":"select","expression":{"__symbolic":"reference","name":"fadeInOut"},"member":"duration"},"right":150},"right":"ms "},"right":{"__symbolic":"binop","operator":"||","left":{"__symbolic":"select","expression":{"__symbolic":"reference","name":"fadeInOut"},"member":"delay"},"right":0}},"right":"ms "},"right":{"__symbolic":"binop","operator":"||","left":{"__symbolic":"select","expression":{"__symbolic":"reference","name":"fadeInOut"},"member":"easeOnOut"},"right":"ease-out"}}]}]]}]]}]]}},"TdBounceAnimation":{"__symbolic":"function","parameters":["bounceOptions"],"defaults":[{}],"value":{"__symbolic":"call","expression":{"__symbolic":"reference","module":"@angular/animations","name":"trigger","line":17,"character":9},"arguments":[{"__symbolic":"binop","operator":"||","left":{"__symbolic":"select","expression":{"__symbolic":"reference","name":"bounceOptions"},"member":"anchor"},"right":"tdBounce"},[{"__symbolic":"call","expression":{"__symbolic":"reference","module":"@angular/animations","name":"state","line":18,"character":4},"arguments":["0",{"__symbolic":"call","expression":{"__symbolic":"reference","module":"@angular/animations","name":"style","line":18,"character":15},"arguments":[{"transform":"translate3d(0, 0, 0)"}]}]},{"__symbolic":"call","expression":{"__symbolic":"reference","module":"@angular/animations","name":"state","line":21,"character":4},"arguments":["1",{"__symbolic":"call","expression":{"__symbolic":"reference","module":"@angular/animations","name":"style","line":21,"character":16},"arguments":[{"transform":"translate3d(0, 0, 0)"}]}]},{"__symbolic":"call","expression":{"__symbolic":"reference","module":"@angular/animations","name":"transition","line":24,"character":4},"arguments":["0 <=> 1",[{"__symbolic":"call","expression":{"__symbolic":"reference","module":"@angular/animations","name":"group","line":25,"character":6},"arguments":[[{"__symbolic":"call","expression":{"__symbolic":"reference","module":"@angular/animations","name":"query","line":26,"character":8},"arguments":["@*",{"__symbolic":"call","expression":{"__symbolic":"reference","module":"@angular/animations","name":"animateChild","line":26,"character":20}},{"optional":true}]},{"__symbolic":"call","expression":{"__symbolic":"reference","module":"@angular/animations","name":"animate","line":27,"character":8},"arguments":[{"__symbolic":"binop","operator":"+","left":{"__symbolic":"binop","operator":"+","left":{"__symbolic":"binop","operator":"+","left":{"__symbolic":"binop","operator":"||","left":{"__symbolic":"select","expression":{"__symbolic":"reference","name":"bounceOptions"},"member":"duration"},"right":500},"right":"ms "},"right":{"__symbolic":"binop","operator":"||","left":{"__symbolic":"select","expression":{"__symbolic":"reference","name":"bounceOptions"},"member":"delay"},"right":0}},"right":"ms"},{"__symbolic":"call","expression":{"__symbolic":"reference","module":"@angular/animations","name":"keyframes","line":27,"character":93},"arguments":[[{"__symbolic":"call","expression":{"__symbolic":"reference","module":"@angular/animations","name":"style","line":28,"character":10},"arguments":[{"animationTimingFunction":"cubic-bezier(0.215, 0.610, 0.355, 1.000)","transform":"translate3d(0, 0, 0)","offset":0}]},{"__symbolic":"call","expression":{"__symbolic":"reference","module":"@angular/animations","name":"style","line":29,"character":10},"arguments":[{"animationTimingFunction":"cubic-bezier(0.215, 0.610, 0.355, 1.000)","transform":"translate3d(0, 0, 0)","offset":0.2}]},{"__symbolic":"call","expression":{"__symbolic":"reference","module":"@angular/animations","name":"style","line":30,"character":10},"arguments":[{"animationTimingFunction":"cubic-bezier(0.755, 0.050, 0.855, 0.060)","transform":"translate3d(0, -30px, 0)","offset":0.4}]},{"__symbolic":"call","expression":{"__symbolic":"reference","module":"@angular/animations","name":"style","line":31,"character":10},"arguments":[{"animationTimingFunction":"cubic-bezier(0.755, 0.050, 0.855, 0.060)","transform":"translate3d(0, -30px, 0)","offset":0.43}]},{"__symbolic":"call","expression":{"__symbolic":"reference","module":"@angular/animations","name":"style","line":32,"character":10},"arguments":[{"animationTimingFunction":"cubic-bezier(0.215, 0.610, 0.355, 1.000)","transform":"translate3d(0, 0, 0)","offset":0.53}]},{"__symbolic":"call","expression":{"__symbolic":"reference","module":"@angular/animations","name":"style","line":33,"character":10},"arguments":[{"animationTimingFunction":"cubic-bezier(0.755, 0.050, 0.855, 0.060)","transform":"translate3d(0, -15px, 0)","offset":0.7}]},{"__symbolic":"call","expression":{"__symbolic":"reference","module":"@angular/animations","name":"style","line":34,"character":10},"arguments":[{"animationTimingFunction":"cubic-bezier(0.215, 0.610, 0.355, 1.000)","transform":"translate3d(0, 0, 0)","offset":0.8}]},{"__symbolic":"call","expression":{"__symbolic":"reference","module":"@angular/animations","name":"style","line":35,"character":10},"arguments":[{"transform":"translate3d(0, -4px, 0)","offset":0.9}]},{"__symbolic":"call","expression":{"__symbolic":"reference","module":"@angular/animations","name":"style","line":36,"character":10},"arguments":[{"animationTimingFunction":"cubic-bezier(0.215, 0.610, 0.355, 1.000)","transform":"translate3d(0, 0, 0)","offset":1}]}]]}]}]]}]]}]]}},"TdFlashAnimation":{"__symbolic":"function","parameters":["flashOptions"],"defaults":[{}],"value":{"__symbolic":"call","expression":{"__symbolic":"reference","module":"@angular/animations","name":"trigger","line":17,"character":9},"arguments":[{"__symbolic":"binop","operator":"||","left":{"__symbolic":"select","expression":{"__symbolic":"reference","name":"flashOptions"},"member":"anchor"},"right":"tdFlash"},[{"__symbolic":"call","expression":{"__symbolic":"reference","module":"@angular/animations","name":"state","line":18,"character":4},"arguments":["0",{"__symbolic":"call","expression":{"__symbolic":"reference","module":"@angular/animations","name":"style","line":18,"character":15},"arguments":[{"opacity":1}]}]},{"__symbolic":"call","expression":{"__symbolic":"reference","module":"@angular/animations","name":"state","line":21,"character":4},"arguments":["1",{"__symbolic":"call","expression":{"__symbolic":"reference","module":"@angular/animations","name":"style","line":21,"character":16},"arguments":[{"opacity":1}]}]},{"__symbolic":"call","expression":{"__symbolic":"reference","module":"@angular/animations","name":"transition","line":24,"character":4},"arguments":["0 <=> 1",[{"__symbolic":"call","expression":{"__symbolic":"reference","module":"@angular/animations","name":"group","line":25,"character":6},"arguments":[[{"__symbolic":"call","expression":{"__symbolic":"reference","module":"@angular/animations","name":"query","line":26,"character":8},"arguments":["@*",{"__symbolic":"call","expression":{"__symbolic":"reference","module":"@angular/animations","name":"animateChild","line":26,"character":20}},{"optional":true}]},{"__symbolic":"call","expression":{"__symbolic":"reference","module":"@angular/animations","name":"animate","line":27,"character":8},"arguments":[{"__symbolic":"binop","operator":"+","left":{"__symbolic":"binop","operator":"+","left":{"__symbolic":"binop","operator":"+","left":{"__symbolic":"binop","operator":"||","left":{"__symbolic":"select","expression":{"__symbolic":"reference","name":"flashOptions"},"member":"duration"},"right":500},"right":"ms "},"right":{"__symbolic":"binop","operator":"||","left":{"__symbolic":"select","expression":{"__symbolic":"reference","name":"flashOptions"},"member":"delay"},"right":0}},"right":"ms"},{"__symbolic":"call","expression":{"__symbolic":"reference","module":"@angular/animations","name":"keyframes","line":27,"character":91},"arguments":[[{"__symbolic":"call","expression":{"__symbolic":"reference","module":"@angular/animations","name":"style","line":28,"character":10},"arguments":[{"opacity":1,"offset":0}]},{"__symbolic":"call","expression":{"__symbolic":"reference","module":"@angular/animations","name":"style","line":29,"character":10},"arguments":[{"opacity":0,"offset":0.25}]},{"__symbolic":"call","expression":{"__symbolic":"reference","module":"@angular/animations","name":"style","line":30,"character":10},"arguments":[{"opacity":1,"offset":0.5}]},{"__symbolic":"call","expression":{"__symbolic":"reference","module":"@angular/animations","name":"style","line":31,"character":10},"arguments":[{"opacity":0,"offset":0.75}]},{"__symbolic":"call","expression":{"__symbolic":"reference","module":"@angular/animations","name":"style","line":32,"character":10},"arguments":[{"opacity":1,"offset":1}]}]]}]}]]}]]}]]}},"TdHeadshakeAnimation":{"__symbolic":"function","parameters":["headshakeOptions"],"defaults":[{}],"value":{"__symbolic":"call","expression":{"__symbolic":"reference","module":"@angular/animations","name":"trigger","line":17,"character":9},"arguments":[{"__symbolic":"binop","operator":"||","left":{"__symbolic":"select","expression":{"__symbolic":"reference","name":"headshakeOptions"},"member":"anchor"},"right":"tdHeadshake"},[{"__symbolic":"call","expression":{"__symbolic":"reference","module":"@angular/animations","name":"state","line":18,"character":4},"arguments":["0",{"__symbolic":"call","expression":{"__symbolic":"reference","module":"@angular/animations","name":"style","line":18,"character":15},"arguments":[{"transform":"translateX(0)"}]}]},{"__symbolic":"call","expression":{"__symbolic":"reference","module":"@angular/animations","name":"state","line":21,"character":4},"arguments":["1",{"__symbolic":"call","expression":{"__symbolic":"reference","module":"@angular/animations","name":"style","line":21,"character":16},"arguments":[{"transform":"translateX(0)"}]}]},{"__symbolic":"call","expression":{"__symbolic":"reference","module":"@angular/animations","name":"transition","line":24,"character":4},"arguments":["0 <=> 1",[{"__symbolic":"call","expression":{"__symbolic":"reference","module":"@angular/animations","name":"group","line":25,"character":6},"arguments":[[{"__symbolic":"call","expression":{"__symbolic":"reference","module":"@angular/animations","name":"query","line":26,"character":8},"arguments":["@*",{"__symbolic":"call","expression":{"__symbolic":"reference","module":"@angular/animations","name":"animateChild","line":26,"character":20}},{"optional":true}]},{"__symbolic":"call","expression":{"__symbolic":"reference","module":"@angular/animations","name":"animate","line":27,"character":8},"arguments":[{"__symbolic":"binop","operator":"+","left":{"__symbolic":"binop","operator":"+","left":{"__symbolic":"binop","operator":"+","left":{"__symbolic":"binop","operator":"||","left":{"__symbolic":"select","expression":{"__symbolic":"reference","name":"headshakeOptions"},"member":"duration"},"right":500},"right":"ms "},"right":{"__symbolic":"binop","operator":"||","left":{"__symbolic":"select","expression":{"__symbolic":"reference","name":"headshakeOptions"},"member":"delay"},"right":0}},"right":"ms"},{"__symbolic":"call","expression":{"__symbolic":"reference","module":"@angular/animations","name":"keyframes","line":27,"character":99},"arguments":[[{"__symbolic":"call","expression":{"__symbolic":"reference","module":"@angular/animations","name":"style","line":28,"character":10},"arguments":[{"transform":"translateX(0)","offset":0}]},{"__symbolic":"call","expression":{"__symbolic":"reference","module":"@angular/animations","name":"style","line":29,"character":10},"arguments":[{"transform":"translateX(-6px) rotateY(-9deg)","offset":0.065}]},{"__symbolic":"call","expression":{"__symbolic":"reference","module":"@angular/animations","name":"style","line":30,"character":10},"arguments":[{"transform":"translateX(5px) rotateY(7deg)","offset":0.185}]},{"__symbolic":"call","expression":{"__symbolic":"reference","module":"@angular/animations","name":"style","line":31,"character":10},"arguments":[{"transform":"translateX(-3px) rotateY(-5deg)","offset":0.315}]},{"__symbolic":"call","expression":{"__symbolic":"reference","module":"@angular/animations","name":"style","line":32,"character":10},"arguments":[{"transform":"translateX(2px) rotateY(3deg)","offset":0.435}]},{"__symbolic":"call","expression":{"__symbolic":"reference","module":"@angular/animations","name":"style","line":33,"character":10},"arguments":[{"transform":"translateX(0)","offset":0.5}]}]]}]}]]}]]}]]}},"TdJelloAnimation":{"__symbolic":"function","parameters":["jelloOptions"],"defaults":[{}],"value":{"__symbolic":"call","expression":{"__symbolic":"reference","module":"@angular/animations","name":"trigger","line":17,"character":9},"arguments":[{"__symbolic":"binop","operator":"||","left":{"__symbolic":"select","expression":{"__symbolic":"reference","name":"jelloOptions"},"member":"anchor"},"right":"tdJello"},[{"__symbolic":"call","expression":{"__symbolic":"reference","module":"@angular/animations","name":"state","line":18,"character":4},"arguments":["0",{"__symbolic":"call","expression":{"__symbolic":"reference","module":"@angular/animations","name":"style","line":18,"character":15},"arguments":[{"transform":"none"}]}]},{"__symbolic":"call","expression":{"__symbolic":"reference","module":"@angular/animations","name":"state","line":21,"character":4},"arguments":["1",{"__symbolic":"call","expression":{"__symbolic":"reference","module":"@angular/animations","name":"style","line":21,"character":16},"arguments":[{"transform":"none"}]}]},{"__symbolic":"call","expression":{"__symbolic":"reference","module":"@angular/animations","name":"transition","line":24,"character":4},"arguments":["0 <=> 1",[{"__symbolic":"call","expression":{"__symbolic":"reference","module":"@angular/animations","name":"group","line":25,"character":6},"arguments":[[{"__symbolic":"call","expression":{"__symbolic":"reference","module":"@angular/animations","name":"query","line":26,"character":8},"arguments":["@*",{"__symbolic":"call","expression":{"__symbolic":"reference","module":"@angular/animations","name":"animateChild","line":26,"character":20}},{"optional":true}]},{"__symbolic":"call","expression":{"__symbolic":"reference","module":"@angular/animations","name":"animate","line":27,"character":8},"arguments":[{"__symbolic":"binop","operator":"+","left":{"__symbolic":"binop","operator":"+","left":{"__symbolic":"binop","operator":"+","left":{"__symbolic":"binop","operator":"||","left":{"__symbolic":"select","expression":{"__symbolic":"reference","name":"jelloOptions"},"member":"duration"},"right":500},"right":"ms "},"right":{"__symbolic":"binop","operator":"||","left":{"__symbolic":"select","expression":{"__symbolic":"reference","name":"jelloOptions"},"member":"delay"},"right":0}},"right":"ms"},{"__symbolic":"call","expression":{"__symbolic":"reference","module":"@angular/animations","name":"keyframes","line":27,"character":91},"arguments":[[{"__symbolic":"call","expression":{"__symbolic":"reference","module":"@angular/animations","name":"style","line":28,"character":10},"arguments":[{"transform":"none","offset":0}]},{"__symbolic":"call","expression":{"__symbolic":"reference","module":"@angular/animations","name":"style","line":29,"character":10},"arguments":[{"transform":"none","offset":0.011}]},{"__symbolic":"call","expression":{"__symbolic":"reference","module":"@angular/animations","name":"style","line":30,"character":10},"arguments":[{"transform":"skewX(-12.5deg) skewY(-12.5deg)","offset":0.222}]},{"__symbolic":"call","expression":{"__symbolic":"reference","module":"@angular/animations","name":"style","line":31,"character":10},"arguments":[{"transform":"skewX(6.25deg) skewY(6.25deg)","offset":0.333}]},{"__symbolic":"call","expression":{"__symbolic":"reference","module":"@angular/animations","name":"style","line":32,"character":10},"arguments":[{"transform":"skewX(-3.125deg) skewY(-3.125deg)","offset":0.444}]},{"__symbolic":"call","expression":{"__symbolic":"reference","module":"@angular/animations","name":"style","line":33,"character":10},"arguments":[{"transform":"skewX(1.5625deg) skewY(1.5625deg)","offset":0.555}]},{"__symbolic":"call","expression":{"__symbolic":"reference","module":"@angular/animations","name":"style","line":34,"character":10},"arguments":[{"transform":"skewX(-0.78125deg) skewY(-0.78125deg)","offset":0.666}]},{"__symbolic":"call","expression":{"__symbolic":"reference","module":"@angular/animations","name":"style","line":35,"character":10},"arguments":[{"transform":"skewX(0.390625deg) skewY(0.390625deg)","offset":0.777}]},{"__symbolic":"call","expression":{"__symbolic":"reference","module":"@angular/animations","name":"style","line":36,"character":10},"arguments":[{"transform":"skewX(-0.1953125deg) skewY(-0.1953125deg)","offset":0.888}]}]]}]}]]}]]}]]}},"TdPulseAnimation":{"__symbolic":"function","parameters":["pulseOptions"],"defaults":[{}],"value":{"__symbolic":"call","expression":{"__symbolic":"reference","module":"@angular/animations","name":"trigger","line":17,"character":9},"arguments":[{"__symbolic":"binop","operator":"||","left":{"__symbolic":"select","expression":{"__symbolic":"reference","name":"pulseOptions"},"member":"anchor"},"right":"tdPulse"},[{"__symbolic":"call","expression":{"__symbolic":"reference","module":"@angular/animations","name":"state","line":18,"character":4},"arguments":["0",{"__symbolic":"call","expression":{"__symbolic":"reference","module":"@angular/animations","name":"style","line":18,"character":15},"arguments":[{"transform":"scale3d(1, 1, 1)"}]}]},{"__symbolic":"call","expression":{"__symbolic":"reference","module":"@angular/animations","name":"state","line":21,"character":4},"arguments":["1",{"__symbolic":"call","expression":{"__symbolic":"reference","module":"@angular/animations","name":"style","line":21,"character":16},"arguments":[{"transform":"scale3d(1, 1, 1)"}]}]},{"__symbolic":"call","expression":{"__symbolic":"reference","module":"@angular/animations","name":"transition","line":24,"character":4},"arguments":["0 <=> 1",[{"__symbolic":"call","expression":{"__symbolic":"reference","module":"@angular/animations","name":"group","line":25,"character":6},"arguments":[[{"__symbolic":"call","expression":{"__symbolic":"reference","module":"@angular/animations","name":"query","line":26,"character":8},"arguments":["@*",{"__symbolic":"call","expression":{"__symbolic":"reference","module":"@angular/animations","name":"animateChild","line":26,"character":20}},{"optional":true}]},{"__symbolic":"call","expression":{"__symbolic":"reference","module":"@angular/animations","name":"animate","line":27,"character":8},"arguments":[{"__symbolic":"binop","operator":"+","left":{"__symbolic":"binop","operator":"+","left":{"__symbolic":"binop","operator":"+","left":{"__symbolic":"binop","operator":"||","left":{"__symbolic":"select","expression":{"__symbolic":"reference","name":"pulseOptions"},"member":"duration"},"right":500},"right":"ms "},"right":{"__symbolic":"binop","operator":"||","left":{"__symbolic":"select","expression":{"__symbolic":"reference","name":"pulseOptions"},"member":"delay"},"right":0}},"right":"ms"},{"__symbolic":"call","expression":{"__symbolic":"reference","module":"@angular/animations","name":"keyframes","line":28,"character":10},"arguments":[[{"__symbolic":"call","expression":{"__symbolic":"reference","module":"@angular/animations","name":"style","line":29,"character":12},"arguments":[{"transform":"scale3d(1, 1, 1)","offset":0}]},{"__symbolic":"call","expression":{"__symbolic":"reference","module":"@angular/animations","name":"style","line":30,"character":12},"arguments":[{"transform":"scale3d(1.05, 1.05, 1.05)","offset":0.5}]},{"__symbolic":"call","expression":{"__symbolic":"reference","module":"@angular/animations","name":"style","line":31,"character":12},"arguments":[{"transform":"scale3d(1, 1, 1)","offset":1}]}]]}]}]]}]]}]]}},"IControlValueAccessor":{"__symbolic":"interface"},"IHasChangeDetectorRef":{"__symbolic":"interface"},"mixinControlValueAccessor":{"__symbolic":"function","parameters":["base","initialValue"],"value":{"__symbolic":"class"}},"ICanDisable":{"__symbolic":"interface"},"mixinDisabled":{"__symbolic":"function","parameters":["base"],"value":{"__symbolic":"class"}},"ICanDisableRipple":{"__symbolic":"interface"},"mixinDisableRipple":{"__symbolic":"function","parameters":["base"],"value":{"__symbolic":"class"}},"TdAutoTrimDirective":{"__symbolic":"class","decorators":[{"__symbolic":"call","expression":{"__symbolic":"reference","module":"@angular/core","name":"Directive","line":4,"character":1},"arguments":[{"selector":"[tdAutoTrim]"}]}],"members":{"__ctor__":[{"__symbolic":"constructor","parameterDecorators":[[{"__symbolic":"call","expression":{"__symbolic":"reference","module":"@angular/core","name":"Optional","line":9,"character":15}},{"__symbolic":"call","expression":{"__symbolic":"reference","module":"@angular/core","name":"Host","line":9,"character":27}}]],"parameters":[{"__symbolic":"reference","module":"@angular/forms","name":"NgModel","line":9,"character":50}]}],"onBlur":[{"__symbolic":"method","decorators":[{"__symbolic":"call","expression":{"__symbolic":"reference","module":"@angular/core","name":"HostListener","line":14,"character":3},"arguments":["blur",["$event"]]}]}]}},"CovalentValidators":{"__symbolic":"class","members":{},"statics":{"numberRequired":{"__symbolic":"function","parameters":["c"],"value":{"__symbolic":"if","condition":{"__symbolic":"call","expression":{"__symbolic":"select","expression":{"__symbolic":"reference","name":"Number"},"member":"isNaN"},"arguments":[{"__symbolic":"select","expression":{"__symbolic":"reference","name":"c"},"member":"value"}]},"thenExpression":{"required":true},"elseExpression":{"__symbolic":"reference","name":"undefined"}}}}},"TdTimeAgoPipe":{"__symbolic":"class","decorators":[{"__symbolic":"call","expression":{"__symbolic":"reference","module":"@angular/core","name":"Pipe","line":2,"character":1},"arguments":[{"name":"timeAgo"}]}],"members":{"transform":[{"__symbolic":"method"}]}},"TdTimeDifferencePipe":{"__symbolic":"class","decorators":[{"__symbolic":"call","expression":{"__symbolic":"reference","module":"@angular/core","name":"Pipe","line":2,"character":1},"arguments":[{"name":"timeDifference"}]}],"members":{"transform":[{"__symbolic":"method"}]}},"TdBytesPipe":{"__symbolic":"class","decorators":[{"__symbolic":"call","expression":{"__symbolic":"reference","module":"@angular/core","name":"Pipe","line":2,"character":1},"arguments":[{"name":"bytes"}]}],"members":{"transform":[{"__symbolic":"method"}]}},"TdDigitsPipe":{"__symbolic":"class","decorators":[{"__symbolic":"call","expression":{"__symbolic":"reference","module":"@angular/core","name":"Pipe","line":3,"character":1},"arguments":[{"name":"digits"}]}],"members":{"__ctor__":[{"__symbolic":"constructor","parameterDecorators":[[{"__symbolic":"call","expression":{"__symbolic":"reference","module":"@angular/core","name":"Inject","line":11,"character":15},"arguments":[{"__symbolic":"reference","module":"@angular/core","name":"LOCALE_ID","line":11,"character":22}]}]],"parameters":[{"__symbolic":"reference","name":"string"}]}],"transform":[{"__symbolic":"method"}]}},"TdTruncatePipe":{"__symbolic":"class","decorators":[{"__symbolic":"call","expression":{"__symbolic":"reference","module":"@angular/core","name":"Pipe","line":2,"character":1},"arguments":[{"name":"truncate"}]}],"members":{"transform":[{"__symbolic":"method"}]}},"ɵa":{"__symbolic":"class","decorators":[{"__symbolic":"call","expression":{"__symbolic":"reference","module":"@angular/core","name":"Injectable","line":6,"character":1}}],"members":{"__ctor__":[{"__symbolic":"constructor","parameters":[{"__symbolic":"reference","module":"@angular/router","name":"Router","line":9,"character":31}]}],"getPreviousRoute":[{"__symbolic":"method"}]},"statics":{"_previousRoute":"/"}},"ɵb":{"__symbolic":"class","decorators":[{"__symbolic":"call","expression":{"__symbolic":"reference","module":"@angular/core","name":"Injectable","line":7,"character":1}}],"members":{"filter":[{"__symbolic":"method"}]}}},"origins":{"CovalentCommonModule":"./common.module","TdToggleDirective":"./animations/toggle/toggle.directive","TdFadeDirective":"./animations/fade/fade.directive","IRotateAnimation":"./animations/rotate/rotate.animation","TdRotateAnimation":"./animations/rotate/rotate.animation","ICollapseAnimation":"./animations/collapse/collapse.animation","TdCollapseAnimation":"./animations/collapse/collapse.animation","IFadeInOutAnimation":"./animations/fade/fadeInOut.animation","TdFadeInOutAnimation":"./animations/fade/fadeInOut.animation","TdBounceAnimation":"./animations/bounce/bounce.animation","TdFlashAnimation":"./animations/flash/flash.animation","TdHeadshakeAnimation":"./animations/headshake/headshake.animation","TdJelloAnimation":"./animations/jello/jello.animation","TdPulseAnimation":"./animations/pulse/pulse.animation","IControlValueAccessor":"./behaviors/control-value-accesor.mixin","IHasChangeDetectorRef":"./behaviors/control-value-accesor.mixin","mixinControlValueAccessor":"./behaviors/control-value-accesor.mixin","ICanDisable":"./behaviors/disabled.mixin","mixinDisabled":"./behaviors/disabled.mixin","ICanDisableRipple":"./behaviors/disable-ripple.mixin","mixinDisableRipple":"./behaviors/disable-ripple.mixin","TdAutoTrimDirective":"./forms/auto-trim/auto-trim.directive","CovalentValidators":"./forms/validators/validators","TdTimeAgoPipe":"./pipes/time-ago/time-ago.pipe","TdTimeDifferencePipe":"./pipes/time-difference/time-difference.pipe","TdBytesPipe":"./pipes/bytes/bytes.pipe","TdDigitsPipe":"./pipes/digits/digits.pipe","TdTruncatePipe":"./pipes/truncate/truncate.pipe","ɵa":"./services/router-path.service","ɵb":"./services/icon.service"},"importAs":"@covalent/core/common"}